Pair,Pair_Type,Action,Bought,Sold,Timestamp,Step,Price_A,Price_B,Shares_A,Shares_B,Transaction_Cost,Realised_PnL,Capital_After
ICICIBANK-COFORGE,positive,OPEN_LONG,ICICIBANK,COFORGE,2024-02-06,1,1009.847290039062,1284.462524414062,4.951243667551551,3.8926787702746473,10.0,,9990.0
ICICIBANK-COFORGE,positive,CLOSE,CLOSE,CLOSE,2025-12-23,466,1363.0,1775.95654296875,,,13.661773450617572,-178.34498632266124,9811.655013677339
ICICIBANK-COFORGE,positive,OPEN_LONG,ICICIBANK,COFORGE,2025-12-24,467,1359.800048828125,1733.557861328125,3.6077565308712183,2.8299185255231016,9.811655013677338,,9801.843358663662
ICICIBANK-COFORGE,positive,CLOSE,CLOSE,CLOSE,2026-02-01,493,1334.199951171875,1655.400024414062,,,9.49811578356914,119.32327530407403,9921.166633967736
AXISBANK-ALKEM,positive,OPEN_LONG,AXISBANK,ALKEM,2024-02-05,0,1059.775756835938,4841.01904296875,4.717979221309967,1.032840390756603,10.0,,9990.0
AXISBANK-ALKEM,positive,CLOSE,CLOSE,CLOSE,2026-02-01,493,1340.400024414062,5565.0,,,12.071736237989413,564.1509526304327,10554.150952630433
SBIN-ALKEM,positive,OPEN_LONG,SBIN,ALKEM,2024-02-05,0,619.8984985351562,4841.01904296875,8.065836603597509,1.032840390756603,10.0,,9990.0
SBIN-ALKEM,positive,CLOSE,CLOSE,CLOSE,2026-02-01,493,1018.200012207031,5565.0,,,13.960391702803397,2450.917761979602,12440.917761979603
BAJFINANCE-KOTAKBANK,positive,OPEN_LONG,BAJFINANCE,KOTAKBANK,2024-02-05,0,653.4868774414062,360.8580017089844,7.651263051488461,13.855865676583427,10.0,,9990.0
BAJFINANCE-KOTAKBANK,positive,CLOSE,CLOSE,CLOSE,2024-03-04,20,652.918212890625,344.6644287109375,,,9.77127302564903,210.253697193153,10200.253697193153
BAJFINANCE-KOTAKBANK,positive,OPEN_LONG,BAJFINANCE,KOTAKBANK,2024-03-05,21,625.4069213867188,342.3695983886719,8.154893516829064,14.896552943368253,10.200253697193153,,10190.053443495959
BAJFINANCE-KOTAKBANK,positive,CLOSE,CLOSE,CLOSE,2024-06-05,80,676.0783081054688,342.8485107421875,,,10.620607603464006,395.4650122086301,10585.518455704589
BAJFINANCE-KOTAKBANK,positive,OPEN_SHORT,KOTAKBANK,BAJFINANCE,2024-06-07,82,711.15966796875,349.9525146484375,7.442434471811006,15.124221162317989,10.58551845570459,,10574.932937248885
BAJFINANCE-KOTAKBANK,positive,CLOSE,CLOSE,CLOSE,2024-06-21,91,709.0498046875,354.3326721191406,,,10.636062406802099,71.31292712107461,10646.24586436996
BAJFINANCE-KOTAKBANK,positive,OPEN_LONG,BAJFINANCE,KOTAKBANK,2024-07-01,97,723.21240234375,360.80810546875,7.360386678842997,14.753335225851853,10.64624586436996,,10635.59961850559
BAJFINANCE-KOTAKBANK,positive,CLOSE,CLOSE,CLOSE,2024-07-02,98,712.1655883789062,353.1253967285156,,,10.451591464532209,21.585163672234778,10657.184782177825
BAJFINANCE-KOTAKBANK,positive,OPEN_LONG,BAJFINANCE,KOTAKBANK,2024-07-03,99,721.4284057617188,361.3269348144531,7.386169366955725,14.74728805873613,10.657184782177826,,10646.527597395647
BAJFINANCE-KOTAKBANK,positive,CLOSE,CLOSE,CLOSE,2024-08-20,131,668.0974731445312,360.714111328125,,,10.254235996887536,-395.12805232309796,10251.399545072549
BAJFINANCE-KOTAKBANK,positive,OPEN_LONG,BAJFINANCE,KOTAKBANK,2024-09-06,144,727.2276611328125,352.4236450195312,7.048273940174252,14.544142667420088,10.251399545072548,,10241.148145527477
BAJFINANCE-KOTAKBANK,positive,CLOSE,CLOSE,CLOSE,2024-12-23,217,682.4588623046875,348.6679992675781,,,9.881234139334676,-270.8013446278161,9970.34680089966
BAJFINANCE-KOTAKBANK,positive,OPEN_LONG,BAJFINANCE,KOTAKBANK,2024-12-24,218,676.644775390625,349.4071350097656,7.367489681084,14.26752032499422,9.97034680089966,,9960.376454098761
BAJFINANCE-KOTAKBANK,positive,CLOSE,CLOSE,CLOSE,2025-04-07,289,851.5455322265625,407.1006469726562,,,12.082069676653049,453.35409697506,10413.73055107382
BAJFINANCE-KOTAKBANK,positive,OPEN_LONG,BAJFINANCE,KOTAKBANK,2025-04-17,295,910.6309204101562,437.1160278320312,5.717865667455803,11.911860796689275,10.41373055107382,,10403.316820522747
BAJFINANCE-KOTAKBANK,positive,CLOSE,CLOSE,CLOSE,2025-04-21,296,921.662841796875,447.7637634277344,,,10.603643939832983,-74.3589436126121,10328.957876910135
BAJFINANCE-KOTAKBANK,positive,OPEN_LONG,BAJFINANCE,KOTAKBANK,2025-04-22,297,920.370849609375,453.2374572753906,5.611302162217527,11.394642820346355,10.328957876910136,,10318.628919033225
BAJFINANCE-KOTAKBANK,positive,CLOSE,CLOSE,CLOSE,2025-04-23,298,926.5824584960938,444.8870544433594,,,10.268663233610027,119.73640882028926,10438.365327853513
BAJFINANCE-KOTAKBANK,positive,OPEN_LONG,BAJFINANCE,KOTAKBANK,2025-04-24,299,924.39599609375,444.0879821777344,5.646046376208492,11.752587039921107,10.438365327853512,,10427.92696252566
BAJFINANCE-KOTAKBANK,positive,CLOSE,CLOSE,CLOSE,2025-06-05,328,893.4000244140625,407.5101623535156,,,9.833476623059669,245.0458410124623,10672.972803538123
BAJFINANCE-KOTAKBANK,positive,OPEN_LONG,BAJFINANCE,KOTAKBANK,2025-06-10,331,949.75,429.7245483398438,5.618832747321991,12.418388529083401,10.672972803538123,,10662.299830734584
BAJFINANCE-KOTAKBANK,positive,CLOSE,CLOSE,CLOSE,2025-06-11,332,942.5,428.5658874511719,,,10.617847565031058,-36.96568389413439,10625.33414684045
BAJFINANCE-KOTAKBANK,positive,OPEN_LONG,BAJFINANCE,KOTAKBANK,2025-06-12,333,936.8499755859376,424.8701171875,5.670776764548138,12.50421448462492,10.625334146840451,,10614.70881269361
BAJFINANCE-KOTAKBANK,positive,CLOSE,CLOSE,CLOSE,2025-06-13,334,933.0999755859376,420.99462890625,,,10.555608797271994,16.638915037072877,10631.347727730683
BAJFINANCE-KOTAKBANK,positive,OPEN_LONG,BAJFINANCE,KOTAKBANK,2025-06-16,335,938.0,427.3073120117188,5.667029705613371,12.439931904838456,10.631347727730683,,10620.716380002952
BAJFINANCE-KOTAKBANK,positive,CLOSE,CLOSE,CLOSE,2025-06-26,343,951.5,440.2723999023438,,,10.869137439256084,-95.64904691309623,10525.067333089855
BAJFINANCE-KOTAKBANK,positive,OPEN_LONG,BAJFINANCE,KOTAKBANK,2025-06-27,344,947.0,441.0714416503906,5.557057726024211,11.9312500642837,10.525067333089856,,10514.542265756765
BAJFINANCE-KOTAKBANK,positive,CLOSE,CLOSE,CLOSE,2025-07-03,348,910.1500244140624,424.8302001953125,,,10.12651157840127,-21.125639957091458,10493.416625799673
BAJFINANCE-KOTAKBANK,positive,OPEN_LONG,BAJFINANCE,KOTAKBANK,2025-07-07,350,924.6500244140624,429.46484375,5.674263964059917,12.21685171500103,10.493416625799673,,10482.923209173874
BAJFINANCE-KOTAKBANK,positive,CLOSE,CLOSE,CLOSE,2025-08-21,382,895.5999755859375,403.5599975585938,,,10.012103315959745,141.62591608474884,10624.549125258623
BAJFINANCE-KOTAKBANK,positive,OPEN_LONG,BAJFINANCE,KOTAKBANK,2025-08-26,385,876.25,393.1400146484375,6.062510199862268,13.512423983042716,10.624549125258623,,10613.924576133364
BAJFINANCE-KOTAKBANK,positive,CLOSE,CLOSE,CLOSE,2026-02-01,493,902.3499755859376,407.25,,,10.973440597929361,-43.402176856860926,10570.522399276504
ICICIBANK-ALKEM,positive,OPEN_LONG,ICICIBANK,ALKEM,2024-02-05,0,1006.994079589844,4841.01904296875,4.965272489026486,1.032840390756603,10.0,,9990.0
ICICIBANK-ALKEM,positive,CLOSE,CLOSE,CLOSE,2026-02-01,493,1334.199951171875,5565.0,,,12.372423086974687,864.5371147667215,10854.537114766721
COFORGE-ALKEM,positive,OPEN_LONG,COFORGE,ALKEM,2024-02-05,0,1246.383544921875,4841.01904296875,4.01160623499198,1.032840390756603,10.0,,9990.0
COFORGE-ALKEM,positive,CLOSE,CLOSE,CLOSE,2026-02-01,493,1655.400024414062,5565.0,,,12.388569833905821,880.6677149509254,10870.667714950925
AXISBANK-COFORGE,positive,OPEN_LONG,AXISBANK,COFORGE,2024-02-05,0,1059.775756835938,1246.383544921875,4.717979221309967,4.01160623499198,10.0,,9990.0
AXISBANK-COFORGE,positive,CLOSE,CLOSE,CLOSE,2025-04-24,299,1206.069213867188,1436.712524414062,,,11.453734411317559,-84.76916475479572,9905.230835245204
AXISBANK-COFORGE,positive,OPEN_LONG,AXISBANK,COFORGE,2025-04-25,300,1165.30419921875,1464.254028320312,4.250062276393549,3.3823471350144687,9.905230835245204,,9895.325604409958
AXISBANK-COFORGE,positive,CLOSE,CLOSE,CLOSE,2026-02-01,493,1340.400024414062,1655.400024414062,,,11.295921108918982,86.35012805049368,9981.675732460451
SBILIFE-AUROPHARMA,positive,OPEN_LONG,SBILIFE,AUROPHARMA,2024-02-05,0,1414.61181640625,1012.980163574219,3.534538551149847,4.935930810686265,10.0,,9990.0
SBILIFE-AUROPHARMA,positive,CLOSE,CLOSE,CLOSE,2024-02-06,1,1458.598876953125,1009.150146484375,,,10.136569261895476,164.24209135201252,10154.242091352013
SBILIFE-AUROPHARMA,positive,OPEN_LONG,SBILIFE,AUROPHARMA,2024-02-07,2,1464.028686523438,989.1043701171876,3.467910903940287,5.133048846073217,10.154242091352012,,10144.08784926066
SBILIFE-AUROPHARMA,positive,CLOSE,CLOSE,CLOSE,2024-09-03,141,1924.986206054688,1543.605712890625,,,14.599084177256945,-1262.3219536108097,8881.76589564985
SBILIFE-AUROPHARMA,positive,OPEN_LONG,SBILIFE,AUROPHARMA,2024-09-04,142,1908.5673828125,1544.352905273438,2.326814860097189,2.8755622712016318,8.88176589564985,,8872.8841297542
SBILIFE-AUROPHARMA,positive,CLOSE,CLOSE,CLOSE,2024-09-05,143,1904.225708007812,1527.815063476562,,,8.824108028278395,28.629212436661874,8901.513342190861
SBILIFE-AUROPHARMA,positive,OPEN_LONG,SBILIFE,AUROPHARMA,2024-09-06,144,1892.69775390625,1531.650634765625,2.351541159654109,2.9058563161020663,8.901513342190862,,8892.61182884867
SBILIFE-AUROPHARMA,positive,CLOSE,CLOSE,CLOSE,2024-09-23,155,1916.50244140625,1475.41162109375,,,8.794068551550046,210.60612698717208,9103.217955835842
SBILIFE-AUROPHARMA,positive,OPEN_LONG,SBILIFE,AUROPHARMA,2024-09-30,160,1840.4970703125,1455.2373046875,2.473032449405148,3.127743470605532,9.103217955835841,,9094.114737880007
SBILIFE-AUROPHARMA,positive,CLOSE,CLOSE,CLOSE,2024-11-04,184,1605.743896484375,1401.937377929688,,,8.355957241457542,-422.1996758187583,8671.915062061249
SBILIFE-AUROPHARMA,positive,OPEN_LONG,SBILIFE,AUROPHARMA,2024-11-05,185,1630.097412109375,1391.725708007812,2.6599376815277673,3.11552593020455,8.671915062061249,,8663.243146999188
SBILIFE-AUROPHARMA,positive,CLOSE,CLOSE,CLOSE,2024-11-18,193,1559.631591796875,1230.780029296875,,,7.983049935973971,306.01269473333736,8969.255841732525
SBILIFE-AUROPHARMA,positive,OPEN_LONG,SBILIFE,AUROPHARMA,2024-11-21,195,1475.142333984375,1215.4375,3.0401323435367997,3.6897231826945136,8.969255841732526,,8960.286585890794
SBILIFE-AUROPHARMA,positive,CLOSE,CLOSE,CLOSE,2025-01-03,225,1444.949829101562,1314.515625,,,9.243037485816298,-466.6031028228535,8493.68348306794
SBILIFE-AUROPHARMA,positive,OPEN_LONG,SBILIFE,AUROPHARMA,2025-01-06,226,1431.924682617188,1307.890502929688,2.9658275977000703,3.2470927283446143,8.49368348306794,,8485.189799584872
SBILIFE-AUROPHARMA,positive,CLOSE,CLOSE,CLOSE,2025-04-01,285,1545.25,1129.908569335938,,,8.251862994531024,905.775333166512,9390.965132751384
SBILIFE-AUROPHARMA,positive,OPEN_LONG,SBILIFE,AUROPHARMA,2025-04-23,298,1615.5,1242.137329101562,2.9065196944448726,3.7801638002232285,9.390965132751385,,9381.574167618632
SBILIFE-AUROPHARMA,positive,CLOSE,CLOSE,CLOSE,2026-02-01,493,1974.300048828125,1172.099975585938,,,10.16907187261491,1297.4430048373117,10679.017172455944
KOTAKBANK-BIOCON,positive,OPEN_LONG,KOTAKBANK,BIOCON,2024-02-05,0,360.8580017089844,283.8765258789062,13.855865676583427,17.61329149889928,10.0,,9990.0
KOTAKBANK-BIOCON,positive,CLOSE,CLOSE,CLOSE,2024-03-15,28,346.8794555664062,250.9661865234375,,,9.226655741898947,376.7478869481815,10366.747886948182
KOTAKBANK-BIOCON,positive,OPEN_LONG,KOTAKBANK,BIOCON,2024-03-18,29,346.7996215820312,249.9689025878906,14.946307956821192,20.736075126991388,10.366747886948183,,10356.381139061234
KOTAKBANK-BIOCON,positive,CLOSE,CLOSE,CLOSE,2024-03-19,30,349.1443176269531,245.0822296142578,,,10.30046201819844,126.07450503663323,10482.455644097867
KOTAKBANK-BIOCON,positive,OPEN_LONG,KOTAKBANK,BIOCON,2024-03-20,31,352.2872619628906,246.1792449951172,14.877710289170308,21.290291235367505,10.482455644097866,,10471.973188453769
KOTAKBANK-BIOCON,positive,CLOSE,CLOSE,CLOSE,2024-06-03,78,342.8385314941406,308.8085632324219,,,11.675276594728079,-1485.6471762539772,8986.326012199792
KOTAKBANK-BIOCON,positive,OPEN_LONG,KOTAKBANK,BIOCON,2024-06-04,79,326.8544921875,290.1095275878906,13.746676620624182,15.48781607918293,8.986326012199791,,8977.339686187592
KOTAKBANK-BIOCON,positive,CLOSE,CLOSE,CLOSE,2024-08-05,121,354.3215026855469,339.9454650878906,,,10.135755957385387,-404.40547903910095,8572.934207148492
KOTAKBANK-BIOCON,positive,OPEN_LONG,KOTAKBANK,BIOCON,2024-08-14,128,349.1773986816406,327.2124938964844,12.275900787846792,13.099949370913372,8.572934207148492,,8564.361272941343
KOTAKBANK-BIOCON,positive,CLOSE,CLOSE,CLOSE,2025-05-26,320,417.3787536621094,331.9062194824219,,,9.471654842022188,766.2738449581909,9330.635117899534
KOTAKBANK-BIOCON,positive,OPEN_LONG,KOTAKBANK,BIOCON,2025-06-02,325,412.2446899414062,333.5540161132812,11.316865135637928,13.986692810094475,9.330635117899535,,9321.304482781634
KOTAKBANK-BIOCON,positive,CLOSE,CLOSE,CLOSE,2025-07-21,360,433.0400085449219,394.6499938964844,,,10.420503607174163,-629.6133607045845,8691.691122077049
KOTAKBANK-BIOCON,positive,OPEN_LONG,KOTAKBANK,BIOCON,2025-07-22,361,432.0400085449219,387.2000122070312,10.058896109355715,11.223774338919322,8.69169112207705,,8682.999430954971
KOTAKBANK-BIOCON,positive,CLOSE,CLOSE,CLOSE,2025-07-23,362,434.0799865722656,396.9500122070312,,,8.821642848923931,-97.73351561096813,8585.265915344004
KOTAKBANK-BIOCON,positive,OPEN_LONG,KOTAKBANK,BIOCON,2025-07-24,363,428.4200134277344,397.6000061035156,10.019683542155718,10.796360391791367,8.585265915344003,,8576.68064942866
KOTAKBANK-BIOCON,positive,CLOSE,CLOSE,CLOSE,2025-07-25,364,424.9200134277344,394.1499938964844,,,8.51294944780327,-6.334266702159381,8570.3463827265
KOTAKBANK-BIOCON,positive,OPEN_LONG,KOTAKBANK,BIOCON,2025-07-28,365,393.3200073242188,387.4500122070312,10.89487722863517,11.059938201972486,8.5703463827265,,8561.776036343774
KOTAKBANK-BIOCON,positive,CLOSE,CLOSE,CLOSE,2026-02-01,493,407.25,368.2000122070312,,,8.509208132336953,356.1601622540566,8917.93619859783
HCLTECH-HDFCBANK,positive,OPEN_LONG,HCLTECH,HDFCBANK,2024-02-05,0,1447.240234375,703.1878662109375,3.454851434640554,7.110475365483815,10.0,,9990.0
HCLTECH-HDFCBANK,positive,CLOSE,CLOSE,CLOSE,2025-05-22,318,1595.912353515625,947.1474609375,,,12.248308772580677,-1233.276913145179,8756.723086854821
HCLTECH-HDFCBANK,positive,OPEN_SHORT,HDFCBANK,HCLTECH,2025-05-26,320,1635.590209960938,957.1620483398438,2.676930637492613,4.574315865345361,8.756723086854821,,8747.966363767966
HCLTECH-HDFCBANK,positive,CLOSE,CLOSE,CLOSE,2025-05-30,324,1599.430541992188,959.4807739257812,,,8.67053274706285,98.73297351518043,8846.699337283146
HCLTECH-HDFCBANK,positive,OPEN_LONG,HCLTECH,HDFCBANK,2025-06-09,330,1610.864868164062,976.2539672851562,2.7459470723220636,4.530941555036515,8.846699337283146,,8837.852637945862
HCLTECH-HDFCBANK,positive,CLOSE,CLOSE,CLOSE,2026-02-01,493,1666.199951171875,922.0999755859376,,,8.753277975104057,388.56250256799046,9226.415140513853
SBIN-COFORGE,positive,OPEN_LONG,SBIN,COFORGE,2024-02-05,0,619.8984985351562,1246.383544921875,8.065836603597509,4.01160623499198,10.0,,9990.0
SBIN-COFORGE,positive,CLOSE,CLOSE,CLOSE,2026-02-01,493,1018.200012207031,1655.400024414062,,,14.853447987588229,1556.9684209099858,11546.968420909985
HCLTECH-SUNPHARMA,positive,OPEN_LONG,HCLTECH,SUNPHARMA,2024-02-05,0,1447.240234375,1437.478393554688,3.454851434640554,3.478313150596777,10.0,,9990.0
HCLTECH-SUNPHARMA,positive,CLOSE,CLOSE,CLOSE,2024-06-14,87,1349.456665039062,1497.22607421875,,,9.869993438566926,-555.51884161457,9434.48115838543
HCLTECH-SUNPHARMA,positive,OPEN_LONG,HCLTECH,SUNPHARMA,2024-06-19,89,1363.41259765625,1485.374755859375,3.459877506854347,3.1757915371757606,9.43448115838543,,9425.046677227045
HCLTECH-SUNPHARMA,positive,CLOSE,CLOSE,CLOSE,2024-10-15,170,1776.994506835938,1880.885620117188,,,12.121483958769142,162.76120528287726,9587.807882509922
HCLTECH-SUNPHARMA,positive,OPEN_LONG,HCLTECH,SUNPHARMA,2024-10-16,171,1772.385864257812,1880.93505859375,2.7047744161864054,2.54868126326437,9.587807882509923,,9578.220074627412
HCLTECH-SUNPHARMA,positive,CLOSE,CLOSE,CLOSE,2025-07-23,362,1506.767456054688,1682.5,,,8.363622291721297,-221.0537814550305,9357.166293172382
HCLTECH-SUNPHARMA,positive,OPEN_LONG,HCLTECH,SUNPHARMA,2025-07-24,363,1484.507690429688,1692.0,3.1516058668796685,2.7651200629942028,9.357166293172382,,9347.80912687921
HCLTECH-SUNPHARMA,positive,CLOSE,CLOSE,CLOSE,2025-11-19,442,1650.642456054688,1784.099975585938,,,10.135425085502764,258.78838665697265,9606.597513536182
HCLTECH-SUNPHARMA,positive,OPEN_LONG,HCLTECH,SUNPHARMA,2025-11-20,443,1633.566162109375,1777.400024414062,2.940376011808261,2.702429779898055,9.606597513536183,,9596.990916022645
HCLTECH-SUNPHARMA,positive,CLOSE,CLOSE,CLOSE,2026-02-01,493,1666.199951171875,1610.099975585938,,,9.250436489938448,538.8218081753686,10135.812724198015
ZYDUSLIFE-COFORGE,positive,OPEN_LONG,ZYDUSLIFE,COFORGE,2024-02-05,0,750.4107666015625,1246.383544921875,6.663017406644961,4.01160623499198,10.0,,9990.0
ZYDUSLIFE-COFORGE,positive,CLOSE,CLOSE,CLOSE,2026-02-01,493,878.0999755859375,1655.400024414062,,,12.491608481448944,-802.5092457231591,9187.490754276841
TECHM-HDFCBANK,positive,OPEN_LONG,TECHM,HDFCBANK,2024-02-05,0,1260.391967773438,703.1878662109375,3.9670198857525376,7.110475365483815,10.0,,9990.0
TECHM-HDFCBANK,positive,CLOSE,CLOSE,CLOSE,2025-05-23,319,1535.862426757812,953.906005859375,,,12.875521944378535,-702.8038888661335,9287.196111133866
TECHM-HDFCBANK,positive,OPEN_LONG,TECHM,HDFCBANK,2025-06-02,325,1505.539794921875,953.1660766601562,3.0843409594549422,4.871761772972299,9.287196111133866,,9277.908915022732
TECHM-HDFCBANK,positive,CLOSE,CLOSE,CLOSE,2026-02-01,493,1717.300048828125,922.0999755859376,,,9.78899029219282,794.6984780641045,10072.607393086837
LTIM-AUROPHARMA,positive,OPEN_LONG,LTIM,AUROPHARMA,2024-02-05,0,5303.32763671875,1012.980163574219,0.9428042811048304,4.935930810686265,10.0,,9990.0
LTIM-AUROPHARMA,positive,CLOSE,CLOSE,CLOSE,2025-02-11,253,5604.79833984375,1143.407836914062,,,10.928009840938188,-370.4821117112598,9619.51788828874
LTIM-AUROPHARMA,positive,OPEN_LONG,LTIM,AUROPHARMA,2025-02-12,254,5632.2412109375,1140.269775390625,0.8539689200107561,4.218088603196273,9.61951788828874,,9609.898370400451
LTIM-AUROPHARMA,positive,CLOSE,CLOSE,CLOSE,2025-04-15,293,4262.162109375,1130.45654296875,,,8.408119833758878,-1137.0200066851671,8472.878363715285
LTIM-AUROPHARMA,positive,OPEN_LONG,LTIM,AUROPHARMA,2025-04-16,294,4221.3916015625,1129.161376953125,1.0035646018458872,3.7518456336941375,8.472878363715285,,8464.40548535157
LTIM-AUROPHARMA,positive,CLOSE,CLOSE,CLOSE,2026-02-01,493,6070.5,1172.099975585938,,,10.489677091160566,1684.111062759191,10148.516548110762
ICICIPRULI-ALKEM,positive,OPEN_LONG,ICICIPRULI,ALKEM,2024-02-05,0,503.610107421875,4841.01904296875,9.928315429562044,1.032840390756603,10.0,,9990.0
ICICIPRULI-ALKEM,positive,CLOSE,CLOSE,CLOSE,2026-02-01,493,643.4500122070312,5565.0,,,12.13613145890745,628.4817783275507,10618.48177832755
CIPLA-COFORGE,positive,OPEN_LONG,CIPLA,COFORGE,2024-02-05,0,1406.816162109375,1246.383544921875,3.554124650162547,4.01160623499198,10.0,,9990.0
CIPLA-COFORGE,positive,CLOSE,CLOSE,CLOSE,2024-03-18,29,1460.335693359375,1115.37841796875,,,9.664674101179699,706.0913952806621,10696.091395280662
CIPLA-COFORGE,positive,OPEN_LONG,CIPLA,COFORGE,2024-03-19,30,1408.58203125,1088.0478515625,3.796758427263468,4.915266998560979,10.696091395280662,,10685.395303885382
CIPLA-COFORGE,positive,CLOSE,CLOSE,CLOSE,2024-05-03,58,1397.8388671875,877.5860595703125,,,9.620826295953686,984.0658756514798,11669.461179536862
CIPLA-COFORGE,positive,OPEN_LONG,CIPLA,COFORGE,2024-05-06,59,1396.514404296875,863.9795532226562,4.1780668869693,6.7533202238465035,11.669461179536862,,11657.791718357324
CIPLA-COFORGE,positive,CLOSE,CLOSE,CLOSE,2024-05-07,60,1360.998046875,865.173828125,,,11.52913678349759,-167.98417452443022,11489.807543832894
CIPLA-COFORGE,positive,OPEN_LONG,CIPLA,COFORGE,2024-05-08,61,1358.594360351562,863.2942504882812,4.228564418911502,6.654629946472036,11.489807543832894,,11478.317736289062
CIPLA-COFORGE,positive,CLOSE,CLOSE,CLOSE,2025-01-09,229,1472.470458984375,1835.337280273438,,,18.439926617943776,-6005.494163042486,5472.8235732465755
CIPLA-COFORGE,positive,OPEN_LONG,CIPLA,COFORGE,2025-01-10,230,1453.275634765625,1859.289794921875,1.8829269005563414,1.471751092324082,5.4728235732465755,,5467.350749673329
CIPLA-COFORGE,positive,CLOSE,CLOSE,CLOSE,2026-01-21,486,1369.599975585938,1665.22119140625,,,5.029647744445429,123.03588187426793,5590.386631547597
CIPLA-COFORGE,positive,OPEN_LONG,CIPLA,COFORGE,2026-01-22,487,1370.400024414062,1683.677124023438,2.039691525085116,1.660171820291886,5.590386631547597,,5584.79624491605
CIPLA-COFORGE,positive,CLOSE,CLOSE,CLOSE,2026-02-01,493,1328.900024414062,1655.400024414062,,,5.4587945893254926,-43.161148949285234,5541.635095966764
BIOCON-OFSS,positive,OPEN_LONG,BIOCON,OFSS,2024-02-05,0,283.8765258789062,6120.44287109375,17.61329149889928,0.8169343469595164,10.0,,9990.0
BIOCON-OFSS,positive,CLOSE,CLOSE,CLOSE,2026-02-01,493,368.2000122070312,7754.5,,,12.820131538398284,137.4766198647458,10127.476619864747
INFY-BIOCON,positive,OPEN_LONG,INFY,BIOCON,2024-02-05,0,1588.473266601562,283.8765258789062,3.1476765175262806,17.61329149889928,10.0,,9990.0
INFY-BIOCON,positive,CLOSE,CLOSE,CLOSE,2024-02-27,16,1566.254150390625,274.9508666992188,,,9.772851172710986,77.49879544159514,10067.498795441596
INFY-BIOCON,positive,OPEN_LONG,INFY,BIOCON,2024-02-28,17,1573.45654296875,270.3134765625,3.1991664594837,18.621895814199,10.067498795441596,,10057.431296646155
INFY-BIOCON,positive,CLOSE,CLOSE,CLOSE,2024-06-07,82,1472.749755859375,335.0869750976562,,,10.951526361121768,-1539.3346431666498,8518.096653479504
INFY-BIOCON,positive,OPEN_LONG,INFY,BIOCON,2024-06-10,83,1440.242797851562,338.9763793945312,2.9571738411697366,12.564439841935679,8.518096653479505,,8509.578556826025
INFY-BIOCON,positive,CLOSE,CLOSE,CLOSE,2026-02-01,493,1654.5,368.2000122070312,,,9.518871023390554,256.89834601671265,8766.476902842738
ALKEM-TORNTPHARM,positive,OPEN_LONG,ALKEM,TORNTPHARM,2024-02-05,0,4841.01904296875,2591.13037109375,1.032840390756603,1.9296597561354794,10.0,,9990.0
ALKEM-TORNTPHARM,positive,CLOSE,CLOSE,CLOSE,2024-09-18,152,6032.630859375,3327.268310546875,,,12.651240570814409,-202.40218321078913,9787.597816789212
ALKEM-TORNTPHARM,positive,OPEN_LONG,ALKEM,TORNTPHARM,2024-09-20,154,6029.11474609375,3424.52294921875,0.8116944384853991,1.429045441062396,9.787597816789212,,9777.810218972423
ALKEM-TORNTPHARM,positive,CLOSE,CLOSE,CLOSE,2025-05-15,313,5268.3349609375,3258.80859375,,,8.933263752064557,-389.6406400742989,9388.169578898125
ALKEM-TORNTPHARM,positive,OPEN_LONG,ALKEM,TORNTPHARM,2025-05-30,324,5090.1279296875,3168.6796875,0.9221938729813512,1.481400852211908,9.388169578898125,,9378.781409319226
ALKEM-TORNTPHARM,positive,CLOSE,CLOSE,CLOSE,2025-09-15,398,5500.5,3531.60009765625,,,10.304242792673548,-169.49223879837774,9209.28917052085
ALKEM-TORNTPHARM,positive,OPEN_LONG,ALKEM,TORNTPHARM,2025-09-16,399,5503.0,3535.5,0.836751696394771,1.3024026545779734,9.209289170520849,,9200.079881350328
ALKEM-TORNTPHARM,positive,CLOSE,CLOSE,CLOSE,2026-02-01,493,5565.0,3997.10009765625,,,9.862356968238277,-559.1729443327142,8640.906937017613
KOTAKBANK-SBILIFE,negative,OPEN_LONG,KOTAKBANK+SBILIFE,—,2024-02-05,0,360.8580017089844,1414.61181640625,13.855865676583427,3.534538551149847,10.0,,9990.0
KOTAKBANK-SBILIFE,negative,CLOSE,CLOSE,CLOSE,2026-02-01,493,407.25,1974.300048828125,,,12.621040930908634,2608.419889977725,12598.419889977726
TORNTPHARM-KOTAKBANK,negative,OPEN_LONG,TORNTPHARM+KOTAKBANK,—,2024-02-05,0,2591.13037109375,360.8580017089844,1.9296597561354794,13.855865676583427,10.0,,9990.0
TORNTPHARM-KOTAKBANK,negative,CLOSE,CLOSE,CLOSE,2024-04-25,53,2662.76904296875,327.7524719238281,,,9.679532488244924,-330.1470442433196,9659.85295575668
TORNTPHARM-KOTAKBANK,negative,OPEN_LONG,TORNTPHARM+KOTAKBANK,—,2024-04-29,55,2655.999267578125,327.3433837890625,1.8184969163348121,14.754923169581172,9.65985295575668,,9650.193102800924
TORNTPHARM-KOTAKBANK,negative,CLOSE,CLOSE,CLOSE,2024-12-02,202,3307.014892578125,350.3860168457031,,,11.183715142680544,1512.6784717811836,11162.871574582108
TORNTPHARM-KOTAKBANK,negative,OPEN_LONG,TORNTPHARM+KOTAKBANK,—,2024-12-06,206,3300.4287109375,354.9807434082031,1.691124479918133,15.723207218800574,11.162871574582109,,11151.708703007525
TORNTPHARM-KOTAKBANK,negative,CLOSE,CLOSE,CLOSE,2024-12-12,210,3295.823486328125,353.3326110839844,,,11.129169640451979,-44.83110377058228,11106.877599236943
TORNTPHARM-KOTAKBANK,negative,OPEN_LONG,TORNTPHARM+KOTAKBANK,—,2024-12-13,211,3313.650634765625,360.714111328125,1.6759276736520738,15.395679362726023,11.106877599236944,,11095.770721637706
TORNTPHARM-KOTAKBANK,negative,CLOSE,CLOSE,CLOSE,2024-12-16,212,3329.694580078125,360.4743957519531,,,11.130075507031728,12.067832287754177,11107.83855392546
TORNTPHARM-KOTAKBANK,negative,OPEN_LONG,TORNTPHARM+KOTAKBANK,—,2024-12-17,213,3344.203369140625,356.3990783691406,1.6607600268012246,15.58342771922169,11.10783855392546,,11096.730715371534
TORNTPHARM-KOTAKBANK,negative,CLOSE,CLOSE,CLOSE,2024-12-18,214,3349.353515625,355.5900268554688,,,11.10378391555445,-15.158422286565271,11081.572293084968
TORNTPHARM-KOTAKBANK,negative,OPEN_LONG,TORNTPHARM+KOTAKBANK,—,2024-12-23,217,3387.43359375,348.6679992675781,1.6356884919502295,15.89129532443934,11.081572293084967,,11070.490720791882
TORNTPHARM-KOTAKBANK,negative,CLOSE,CLOSE,CLOSE,2025-03-19,277,3185.248291015625,403.8443908691406,,,11.62768445403822,534.4844764992156,11604.975197291098
TORNTPHARM-KOTAKBANK,negative,OPEN_LONG,TORNTPHARM+KOTAKBANK,—,2025-03-24,280,3265.246337890625,434.7287902832031,1.777044363027753,13.347373646142762,11.604975197291099,,11593.370222093807
TORNTPHARM-KOTAKBANK,negative,CLOSE,CLOSE,CLOSE,2025-04-07,289,3227.418212890625,407.1006469726562,,,11.16898978908089,-447.1543979992897,11146.215824094517
TORNTPHARM-KOTAKBANK,negative,OPEN_LONG,TORNTPHARM+KOTAKBANK,—,2025-04-09,291,3120.87060546875,410.0672302246094,1.7857542386670615,13.590717573298056,11.146215824094517,,11135.069608270423
TORNTPHARM-KOTAKBANK,negative,CLOSE,CLOSE,CLOSE,2026-02-01,493,3997.10009765625,407.25,,,12.672658173491808,1513.7696912237982,12648.839299494222
ALKEM-LTIM,negative,OPEN_LONG,ALKEM+LTIM,—,2024-02-07,2,5041.3828125,5312.54296875,0.9917913766839146,0.9411688581930587,10.0,,9990.0
ALKEM-LTIM,negative,CLOSE,CLOSE,CLOSE,2024-04-01,37,4957.25732421875,4761.2880859375,,,9.397741137533343,-611.6566036041899,9378.34339639581
ALKEM-LTIM,negative,OPEN_LONG,ALKEM+LTIM,—,2024-04-02,38,4904.11328125,4778.98681640625,0.9561711627107218,0.9812062427332903,9.378343396395811,,9368.965052999414
ALKEM-LTIM,negative,CLOSE,CLOSE,CLOSE,2025-02-28,265,4638.57080078125,4606.0390625,,,8.954741918297405,-432.5562200167046,8936.40883298271
ALKEM-LTIM,negative,OPEN_LONG,ALKEM+LTIM,—,2025-03-03,266,4592.7958984375,4772.12890625,0.9728724104660231,0.9363125984797689,8.93640883298271,,8927.472424149728
ALKEM-LTIM,negative,CLOSE,CLOSE,CLOSE,2025-03-17,275,4810.23828125,4303.8193359375,,,8.709468377414742,-235.649923945383,8691.822500204345
ALKEM-LTIM,negative,OPEN_LONG,ALKEM+LTIM,—,2025-03-18,276,4810.23828125,4303.8193359375,0.9034710956091834,1.0097801303630938,8.691822500204346,,8683.13067770414
ALKEM-LTIM,negative,CLOSE,CLOSE,CLOSE,2026-02-01,493,5565.0,6070.5,,,11.157686928434266,2454.7067413014865,11137.837419005627
DRREDDY-INFY,negative,OPEN_LONG,DRREDDY+INFY,—,2024-02-05,0,1204.078125,1588.473266601562,4.152554469835585,3.1476765175262806,10.0,,9990.0
DRREDDY-INFY,negative,CLOSE,CLOSE,CLOSE,2024-04-15,46,1187.561279296875,1382.241088867188,,,9.282260715535108,-727.0215451804271,9262.978454819573
DRREDDY-INFY,negative,OPEN_LONG,DRREDDY+INFY,—,2024-04-16,47,1195.365112304688,1331.683227539062,3.8745394020076276,3.477921123906272,9.262978454819573,,9253.715476364754
DRREDDY-INFY,negative,CLOSE,CLOSE,CLOSE,2026-02-01,493,1178.699951171875,1654.5,,,10.321139903462823,1047.840308739788,10301.555785104541
BAJFINANCE-SBILIFE,negative,OPEN_LONG,BAJFINANCE+SBILIFE,—,2024-02-05,0,653.4868774414062,1414.61181640625,7.651263051488461,3.534538551149847,10.0,,9990.0
BAJFINANCE-SBILIFE,negative,CLOSE,CLOSE,CLOSE,2026-02-01,493,902.3499755859376,1974.300048828125,,,13.882356661832233,3868.4743051704,13858.474305170399
BAJFINANCE-DRREDDY,negative,OPEN_LONG,BAJFINANCE+DRREDDY,—,2024-02-05,0,653.4868774414062,1204.078125,7.651263051488461,4.152554469835585,10.0,,9990.0
BAJFINANCE-DRREDDY,negative,CLOSE,CLOSE,CLOSE,2026-02-01,493,902.3499755859376,1178.699951171875,,,11.798732778545954,1786.9340457674086,11776.934045767408
ZYDUSLIFE-BAJFINANCE,negative,OPEN_LONG,ZYDUSLIFE+BAJFINANCE,—,2024-02-05,0,750.4107666015625,653.4868774414062,6.663017406644961,7.651263051488461,10.0,,9990.0
ZYDUSLIFE-BAJFINANCE,negative,CLOSE,CLOSE,CLOSE,2026-02-01,493,878.0999755859375,902.3499755859376,,,12.754912449815816,2742.1575373660003,12732.157537366
SUNPHARMA-LUPIN,negative,OPEN_SHORT,—,SUNPHARMA+LUPIN,2024-02-07,2,1469.295532226562,1577.529296875,3.4029913590106875,3.169513244479661,10.0,,9990.0
SUNPHARMA-LUPIN,negative,CLOSE,CLOSE,CLOSE,2024-02-08,3,1472.634521484375,1589.502075195312,,,10.049310431051614,-59.35974148266659,9930.640258517333
SUNPHARMA-LUPIN,negative,OPEN_LONG,SUNPHARMA+LUPIN,—,2024-02-19,10,1511.151489257812,1571.394409179688,3.285785816018576,3.159817866381937,9.930640258517332,,9920.709618258816
SUNPHARMA-LUPIN,negative,CLOSE,CLOSE,CLOSE,2024-06-18,88,1502.11474609375,1564.814453125,,,9.880155993304244,-60.364421206393146,9860.345197052422
SUNPHARMA-LUPIN,negative,OPEN_SHORT,—,SUNPHARMA+LUPIN,2024-06-28,96,1502.01611328125,1604.294799804688,3.282369979211431,3.0731088819376753,9.860345197052423,,9850.48485185537
SUNPHARMA-LUPIN,negative,CLOSE,CLOSE,CLOSE,2024-07-02,98,1505.176513671875,1615.624389648438,,,9.905535863594435,-55.09620240560902,9795.38864944976
SUNPHARMA-LUPIN,negative,OPEN_SHORT,—,SUNPHARMA+LUPIN,2024-07-03,99,1514.953857421875,1613.447387695312,3.2328999993832817,3.035546347576209,9.79538864944976,,9785.59326080031
SUNPHARMA-LUPIN,negative,CLOSE,CLOSE,CLOSE,2024-07-04,100,1538.607299804688,1740.793701171875,,,10.258423500065645,-473.29327411594977,9312.29998668436
SUNPHARMA-LUPIN,negative,OPEN_LONG,SUNPHARMA+LUPIN,—,2024-07-04,100,1538.607299804688,1740.793701171875,3.0262107777164684,2.674728194505606,9.31229998668436,,9302.987686697676
SUNPHARMA-LUPIN,negative,CLOSE,CLOSE,CLOSE,2025-04-17,295,1745.753173828125,1925.225830078125,,,10.432472878371822,1109.7404188090904,10412.728105506765
SUNPHARMA-LUPIN,negative,OPEN_SHORT,—,SUNPHARMA+LUPIN,2025-04-22,297,1741.666748046875,2034.049072265625,2.9892997949187805,2.559605922857247,10.412728105506766,,10402.315377401259
SUNPHARMA-LUPIN,negative,CLOSE,CLOSE,CLOSE,2025-05-07,307,1775.455444335938,2058.596435546875,,,10.576564224839451,-174.4126835575243,10227.902693843735
SUNPHARMA-LUPIN,negative,OPEN_LONG,SUNPHARMA+LUPIN,—,2025-05-12,310,1680.66748046875,2027.191772460938,3.0428097207518707,2.5226776353347735,10.227902693843735,,10217.674791149891
SUNPHARMA-LUPIN,negative,CLOSE,CLOSE,CLOSE,2025-10-06,412,1654.699951171875,1937.300048828125,,,9.922120602465103,-315.7042119810969,9901.970579168794
SUNPHARMA-LUPIN,negative,OPEN_LONG,SUNPHARMA+LUPIN,—,2025-10-07,413,1653.099975585938,1924.800048828125,2.994970275666195,2.572207587275729,9.901970579168793,,9892.068608589625
SUNPHARMA-LUPIN,negative,CLOSE,CLOSE,CLOSE,2026-02-01,493,1610.099975585938,2135.199951171875,,,10.314379082485816,402.09412423453404,10294.16273282416
OFSS-AXISBANK,negative,OPEN_LONG,OFSS+AXISBANK,—,2024-02-05,0,6120.44287109375,1059.775756835938,0.8169343469595164,4.717979221309967,10.0,,9990.0
OFSS-AXISBANK,negative,CLOSE,CLOSE,CLOSE,2024-09-13,149,11699.6396484375,1216.410400390625,,,15.296836469486262,5281.539633016775,15271.539633016775
OFSS-AXISBANK,negative,OPEN_SHORT,—,OFSS+AXISBANK,2024-09-16,150,11677.8837890625,1229.998901367188,0.6538658848155388,6.207948485174218,15.271539633016776,,15256.268093383758
OFSS-AXISBANK,negative,CLOSE,CLOSE,CLOSE,2024-09-18,152,10743.203125,1239.390747070312,,,14.718687927895273,538.1330171936074,15794.401110577366
OFSS-AXISBANK,negative,OPEN_LONG,OFSS+AXISBANK,—,2024-09-18,152,10743.203125,1239.390747070312,0.7350880797284267,6.3718408209486705,15.794401110577367,,15778.606709466789
OFSS-AXISBANK,negative,CLOSE,CLOSE,CLOSE,2024-11-29,201,11160.1171875,1135.329711914062,,,15.4378093165135,-372.0296033803797,15406.57710608641
OFSS-AXISBANK,negative,OPEN_SHORT,—,OFSS+AXISBANK,2024-12-02,202,11704.0283203125,1136.129028320312,0.6581741210993178,6.780293752754458,15.40657710608641,,15391.170528980323
OFSS-AXISBANK,negative,CLOSE,CLOSE,CLOSE,2024-12-10,208,11683.751953125,1152.664916992188,,,15.505349908591853,-114.27815241403545,15276.892376566288
OFSS-AXISBANK,negative,OPEN_SHORT,—,OFSS+AXISBANK,2024-12-17,213,11860.0791015625,1135.27978515625,0.644046816456462,6.728249976926925,15.276892376566288,,15261.61548418972
OFSS-AXISBANK,negative,CLOSE,CLOSE,CLOSE,2025-01-02,224,12068.3681640625,1085.672119140625,,,15.077267506447086,184.54760261275442,15446.163086802475
OFSS-AXISBANK,negative,OPEN_SHORT,—,OFSS+AXISBANK,2025-01-08,228,11430.521484375,1074.032104492188,0.6756543482253489,7.190736209000735,15.446163086802475,,15430.716923715672
OFSS-AXISBANK,negative,CLOSE,CLOSE,CLOSE,2025-01-09,229,11189.314453125,1060.843383789062,,,15.18835389580552,242.62083710114968,15673.337760816821
OFSS-AXISBANK,negative,OPEN_LONG,OFSS+AXISBANK,—,2025-01-09,229,11189.314453125,1060.843383789062,0.7003707790355067,7.387206255100378,15.673337760816821,,15657.664423056005
OFSS-AXISBANK,negative,CLOSE,CLOSE,CLOSE,2025-03-19,277,7322.92529296875,1051.151733398438,,,12.893837552275885,-2792.3940460932113,12865.270376962793
OFSS-AXISBANK,negative,OPEN_SHORT,—,OFSS+AXISBANK,2025-03-25,281,7598.7685546875,1117.594970703125,0.8465365331482898,5.7557839441907666,12.865270376962794,,12852.405106585831
OFSS-AXISBANK,negative,CLOSE,CLOSE,CLOSE,2025-03-26,282,7527.302734375,1095.31396484375,,,12.67652729341104,176.06655625834236,13028.471662844173
OFSS-AXISBANK,negative,OPEN_LONG,OFSS+AXISBANK,—,2025-03-26,282,7527.302734375,1095.31396484375,0.8654143537596101,5.947368554139966,13.028471662844174,,13015.443191181328
OFSS-AXISBANK,negative,CLOSE,CLOSE,CLOSE,2025-03-27,283,7505.54833984375,1097.412109375,,,13.022123536366678,-19.370250013863,12996.072941167466
OFSS-AXISBANK,negative,OPEN_LONG,OFSS+AXISBANK,—,2025-05-06,306,7999.55712890625,1160.408325195312,0.8122995268204536,5.5997844288906045,12.996072941167466,,12983.076868226299
OFSS-AXISBANK,negative,CLOSE,CLOSE,CLOSE,2025-05-07,307,8140.2939453125,1160.308471679688,,,13.10983423237852,100.65145697867365,13083.728325204973
OFSS-AXISBANK,negative,OPEN_LONG,OFSS+AXISBANK,—,2025-05-13,311,8348.564453125,1192.580810546875,0.783591502387427,5.48546824227586,13.083728325204973,,13070.644596879767
OFSS-AXISBANK,negative,CLOSE,CLOSE,CLOSE,2025-05-14,312,8374.16796875,1194.479125976562,,,13.114204171483339,17.361642106880915,13088.006238986647
OFSS-AXISBANK,negative,OPEN_LONG,OFSS+AXISBANK,—,2025-05-16,314,8563.728515625,1207.767822265625,0.7641535001434743,5.418262516066683,13.088006238986647,,13074.918232747661
OFSS-AXISBANK,negative,CLOSE,CLOSE,CLOSE,2025-05-19,315,8489.3818359375,1201.77294921875,,,12.998712167560939,-102.29278359327108,12972.62544915439
OFSS-AXISBANK,negative,OPEN_LONG,OFSS+AXISBANK,—,2025-05-20,316,8307.6982421875,1194.778930664062,0.7807593072698418,5.428881074235282,12.972625449154389,,12959.652823705235
OFSS-AXISBANK,negative,CLOSE,CLOSE,CLOSE,2025-05-21,317,8255.5078125,1196.777221679688,,,12.942725769701006,-42.84240522308299,12916.810418482153
OFSS-AXISBANK,negative,OPEN_LONG,OFSS+AXISBANK,—,2025-05-28,322,8385.984375,1193.679809570312,0.770142766840187,5.410500502279504,12.916810418482154,,12903.89360806367
OFSS-AXISBANK,negative,CLOSE,CLOSE,CLOSE,2025-05-29,323,8369.736328125,1200.673828125,,,12.94213824360918,12.385686883420616,12916.279294947091
OFSS-AXISBANK,negative,OPEN_LONG,OFSS+AXISBANK,—,2025-05-30,324,8333.3017578125,1191.181884765625,0.7749796941433228,5.421623456559062,12.916279294947092,,12903.363015652145
OFSS-AXISBANK,negative,CLOSE,CLOSE,CLOSE,2025-06-02,325,8268.30859375,1193.380126953125,,,12.877828953947475,-51.32816995356282,12852.034845698581
OFSS-AXISBANK,negative,OPEN_LONG,OFSS+AXISBANK,—,2025-06-03,326,8241.7216796875,1180.491088867188,0.779693572847384,5.443512012458956,12.852034845698581,,12839.182810852883
OFSS-AXISBANK,negative,CLOSE,CLOSE,CLOSE,2025-06-04,327,8533.2021484375,1170.000122070312,,,13.022192590012397,157.13555172380333,12996.318362576685
OFSS-AXISBANK,negative,OPEN_SHORT,—,OFSS+AXISBANK,2025-06-04,327,8533.2021484375,1170.000122070312,0.7615147359983977,5.553981626762455,12.996318362576686,,12983.322044214108
OFSS-AXISBANK,negative,CLOSE,CLOSE,CLOSE,2025-06-06,329,8651.8623046875,1193.579956054688,,,13.217641784848265,-234.54106405642838,12748.78098015768
OFSS-AXISBANK,negative,OPEN_LONG,OFSS+AXISBANK,—,2025-06-19,338,9184.6025390625,1216.460327148438,0.6940300860019026,5.2401137528433415,12.748780980157681,,12736.032199177524
OFSS-AXISBANK,negative,CLOSE,CLOSE,CLOSE,2025-07-04,349,8969.9306640625,1177.599975585938,,,12.396159577626259,-365.01756210904944,12371.014637068474
OFSS-AXISBANK,negative,OPEN_LONG,OFSS+AXISBANK,—,2025-07-07,350,8867.5185546875,1175.099975585938,0.6975465887539065,5.263813672917463,12.371014637068475,,12358.643622431406
OFSS-AXISBANK,negative,CLOSE,CLOSE,CLOSE,2025-09-01,388,8343.1484375,1061.5,,,11.407272945847497,-975.1489641668244,11383.49465826458
OFSS-AXISBANK,negative,OPEN_LONG,OFSS+AXISBANK,—,2025-09-02,389,8347.087890625,1056.199951171875,0.6818841976643082,5.388891869212059,11.383494658264581,,11372.111163606316
OFSS-AXISBANK,negative,CLOSE,CLOSE,CLOSE,2025-09-10,395,9123.056640625,1070.099975585938,,,11.987521215317702,592.0390358378014,11964.150199444117
OFSS-AXISBANK,negative,OPEN_SHORT,—,OFSS+AXISBANK,2025-09-10,395,9123.056640625,1070.099975585938,0.655709520982678,5.590202071022894,11.964150199444116,,11952.186049244672
OFSS-AXISBANK,negative,CLOSE,CLOSE,CLOSE,2025-09-11,396,8997.99609375,1087.400024414062,,,11.978857576946655,-26.686235079485133,11925.499814165187
OFSS-AXISBANK,negative,OPEN_LONG,OFSS+AXISBANK,—,2025-09-12,397,8841.916015625,1105.300048828125,0.6743730540468281,5.394688902261874,11.925499814165187,,11913.57431435102
OFSS-AXISBANK,negative,CLOSE,CLOSE,CLOSE,2025-12-16,461,7828.5,1219.599975585938,,,11.858691907097906,-78.66659897437869,11834.907715376643
OFSS-AXISBANK,negative,OPEN_LONG,OFSS+AXISBANK,—,2025-12-24,467,7782.0,1226.300048828125,0.7604027059481266,4.82545349593939,11.834907715376643,,11823.072807661267
OFSS-AXISBANK,negative,CLOSE,CLOSE,CLOSE,2026-02-01,493,7754.5,1340.400024414062,,,12.36458076704083,517.3084708971447,12340.381278558412
HDFCBANK-PERSISTENT,negative,OPEN_LONG,HDFCBANK+PERSISTENT,—,2024-02-05,0,703.1878662109375,4226.78369140625,7.110475365483815,1.1829325475457442,10.0,,9990.0
HDFCBANK-PERSISTENT,negative,CLOSE,CLOSE,CLOSE,2026-02-01,493,922.0999755859376,6068.0,,,13.734603859424613,3720.869255565188,13710.869255565187
TCS-PERSISTENT,negative,OPEN_LONG,TCS+PERSISTENT,—,2024-02-05,0,3726.203369140625,4226.78369140625,1.3418483922290991,1.1829325475457442,10.0,,9990.0
TCS-PERSISTENT,negative,CLOSE,CLOSE,CLOSE,2024-02-28,17,3862.795654296875,4155.0078125,,,10.098380114940909,88.28173482596664,10078.281734825967
TCS-PERSISTENT,negative,OPEN_LONG,TCS+PERSISTENT,—,2024-03-05,21,3762.59033203125,4075.94384765625,1.3392743888470533,1.2363126323024767,10.078281734825968,,10068.20345309114
TCS-PERSISTENT,negative,CLOSE,CLOSE,CLOSE,2024-03-11,24,3865.98388671875,4069.124755859375,,,10.208323545261486,119.83348689025769,10188.036939981399
TCS-PERSISTENT,negative,OPEN_LONG,TCS+PERSISTENT,—,2024-03-12,25,3931.53662109375,4057.388671875,1.2956812973990683,1.2554918648295659,10.1880369399814,,10177.848903041418
TCS-PERSISTENT,negative,CLOSE,CLOSE,CLOSE,2024-04-22,50,3624.263427734375,3467.468994140625,,,9.04926945385518,-1147.8167555800721,9030.032147461347
TCS-PERSISTENT,negative,OPEN_LONG,TCS+PERSISTENT,—,2024-04-23,51,3633.7353515625,3487.77880859375,1.2425274922096965,1.2945247739351622,9.030032147461347,,9021.002115313886
TCS-PERSISTENT,negative,CLOSE,CLOSE,CLOSE,2024-04-25,53,3612.63427734375,3390.23291015625,,,8.877537900506287,-161.3717848555674,8859.630330458318
TCS-PERSISTENT,negative,OPEN_LONG,TCS+PERSISTENT,—,2024-04-26,54,3583.703125,3357.717529296875,1.2360999253332847,1.319293575644163,8.859630330458318,,8850.77070012786
TCS-PERSISTENT,negative,CLOSE,CLOSE,CLOSE,2026-02-01,493,3186.89990234375,6068.0,,,11.944800148340542,3073.225017733884,11923.995717861744
CIPLA-LTIM,negative,OPEN_LONG,CIPLA+LTIM,—,2024-02-05,0,1406.816162109375,5303.32763671875,3.554124650162547,0.9428042811048304,10.0,,9990.0
CIPLA-LTIM,negative,CLOSE,CLOSE,CLOSE,2026-02-01,493,1328.900024414062,6070.5,,,10.4463697228185,435.9233530956832,10425.923353095683
AUROPHARMA-DRREDDY,negative,OPEN_LONG,AUROPHARMA+DRREDDY,—,2024-02-05,0,1012.980163574219,1204.078125,4.935930810686265,4.152554469835585,10.0,,9990.0
AUROPHARMA-DRREDDY,negative,CLOSE,CLOSE,CLOSE,2024-03-05,21,1079.796630859375,1245.340454101562,,,10.50114552868053,490.6443831518504,10480.64438315185
AUROPHARMA-DRREDDY,negative,OPEN_LONG,AUROPHARMA+DRREDDY,—,2024-03-06,22,1056.235107421875,1247.582885742188,4.961321731074469,4.200379991954165,10.48064438315185,,10470.163738768699
AUROPHARMA-DRREDDY,negative,CLOSE,CLOSE,CLOSE,2025-03-12,273,1103.7568359375,1098.185180664062,,,10.088887836280614,-401.8454347075182,10068.31830406118
AUROPHARMA-DRREDDY,negative,OPEN_LONG,AUROPHARMA+DRREDDY,—,2025-03-25,281,1190.481201171875,1170.476684570312,4.2286758892749505,4.300947826123214,10.068318304061181,,10058.249985757118
AUROPHARMA-DRREDDY,negative,CLOSE,CLOSE,CLOSE,2025-04-23,298,1242.137329101562,1178.525634765625,,,10.321373441615854,242.7337641130594,10300.983749870178
AUROPHARMA-DRREDDY,negative,OPEN_SHORT,—,AUROPHARMA+DRREDDY,2025-05-12,310,1201.390258789062,1188.065063476562,4.2871097357876975,4.335193444594289,10.300983749870179,,10290.682766120308
AUROPHARMA-DRREDDY,negative,CLOSE,CLOSE,CLOSE,2025-05-14,312,1215.4375,1212.311401367188,,,10.466318379505408,-175.8009480147352,10114.881818105572
AUROPHARMA-DRREDDY,negative,OPEN_LONG,AUROPHARMA+DRREDDY,—,2025-05-26,320,1176.483764648438,1233.079711914062,4.29877662660655,4.1014711864834075,10.114881818105573,,10104.766936287466
AUROPHARMA-DRREDDY,negative,CLOSE,CLOSE,CLOSE,2025-10-31,430,1138.900024414062,1197.599975585938,,,9.807798597791756,-316.8910189116087,9787.875917375857
AUROPHARMA-DRREDDY,negative,OPEN_LONG,AUROPHARMA+DRREDDY,—,2025-11-03,431,1158.599975585938,1196.0,4.224010065435157,4.091921370140408,9.787875917375857,,9778.08804145848
AUROPHARMA-DRREDDY,negative,CLOSE,CLOSE,CLOSE,2026-02-01,493,1172.099975585938,1178.699951171875,,,9.774109613754954,-23.540413234657557,9754.547628223823
ZYDUSLIFE-LTIM,negative,OPEN_LONG,ZYDUSLIFE+LTIM,—,2024-02-05,0,750.4107666015625,5303.32763671875,6.663017406644961,0.9428042811048304,10.0,,9990.0
ZYDUSLIFE-LTIM,negative,CLOSE,CLOSE,CLOSE,2026-02-01,493,878.0999755859375,6070.5,,,11.574088810550489,1562.5147217399392,11552.514721739939
DRREDDY-LTIM,negative,OPEN_LONG,DRREDDY+LTIM,—,2024-02-05,0,1204.078125,5303.32763671875,4.152554469835585,0.9428042811048304,10.0,,9990.0
DRREDDY-LTIM,negative,CLOSE,CLOSE,CLOSE,2026-02-01,493,1178.699951171875,6070.5,,,10.617909139280629,607.2912301413471,10597.291230141347
DIVISLAB-WIPRO,negative,OPEN_LONG,DIVISLAB+WIPRO,—,2024-02-05,0,3660.265625,226.0776062011719,1.3660210794127816,22.11629928331257,10.0,,9990.0
DIVISLAB-WIPRO,negative,CLOSE,CLOSE,CLOSE,2024-03-22,33,3395.05859375,228.3039245605469,,,9.686959528039887,-322.7274314881533,9667.272568511848
DIVISLAB-WIPRO,negative,OPEN_LONG,DIVISLAB+WIPRO,—,2024-03-26,34,3355.037353515625,224.9058532714844,1.4407101247892,21.4918207505308,9.667272568511848,,9657.605295943336
DIVISLAB-WIPRO,negative,CLOSE,CLOSE,CLOSE,2024-03-27,35,3332.133056640625,221.3671569824219,,,9.558221089767757,-118.60969983385766,9538.995596109478
DIVISLAB-WIPRO,negative,OPEN_LONG,DIVISLAB+WIPRO,—,2024-04-10,44,3699.446044921875,223.7106628417969,1.289246481808187,21.319939503409454,9.538995596109478,,9529.45660051337
DIVISLAB-WIPRO,negative,CLOSE,CLOSE,CLOSE,2024-04-15,46,3677.135009765625,215.2974853515625,,,9.33086273740554,-217.4637214413433,9311.992879072026
DIVISLAB-WIPRO,negative,OPEN_LONG,DIVISLAB+WIPRO,—,2024-04-16,47,3724.279541015625,210.1417999267578,1.2501737284377705,22.156450744967444,9.311992879072026,,9302.680886192953
DIVISLAB-WIPRO,negative,CLOSE,CLOSE,CLOSE,2024-12-30,221,6017.599609375,284.6885986328125,,,13.830733853159732,4504.910240234546,13807.591126427498
DIVISLAB-WIPRO,negative,OPEN_LONG,DIVISLAB+WIPRO,—,2024-12-31,222,6071.1552734375,282.9543762207031,1.1371469271127381,24.398970800256574,13.807591126427498,,13793.78353530107
DIVISLAB-WIPRO,negative,CLOSE,CLOSE,CLOSE,2025-02-28,265,5455.4091796875,265.4410705566406,,,12.680090714524583,-1140.1805026174382,12653.603032683632
DIVISLAB-WIPRO,negative,OPEN_LONG,DIVISLAB+WIPRO,—,2025-03-05,268,5491.54443359375,272.5634460449219,1.1520987570706882,23.212215754342495,12.653603032683632,,12640.949429650947
DIVISLAB-WIPRO,negative,CLOSE,CLOSE,CLOSE,2025-03-12,273,5641.4619140625,256.7412109375,,,12.459053640565438,-207.00844575875834,12433.94098389219
DIVISLAB-WIPRO,negative,OPEN_LONG,DIVISLAB+WIPRO,—,2025-03-25,281,5814.17578125,259.0834655761719,1.0692780414371128,23.996014095767425,12.433940983892189,,12421.507042908297
DIVISLAB-WIPRO,negative,CLOSE,CLOSE,CLOSE,2025-03-28,284,5749.271484375,250.7182312011719,,,12.163807962471939,-282.29682938272236,12139.210213525575
DIVISLAB-WIPRO,negative,OPEN_LONG,DIVISLAB+WIPRO,—,2025-04-01,285,5524.544921875,251.0528564453125,1.098661553593232,24.176602460147453,12.139210213525576,,12127.07100331205
DIVISLAB-WIPRO,negative,CLOSE,CLOSE,CLOSE,2025-04-11,292,5563.96484375,229.2076110839844,,,11.654375553390077,-496.4890356888884,11630.581967623162
DIVISLAB-WIPRO,negative,OPEN_LONG,DIVISLAB+WIPRO,—,2025-04-25,300,5985.24658203125,230.3070373535156,0.9716042445552862,25.250166259076373,11.630581967623163,,11618.951385655539
DIVISLAB-WIPRO,negative,CLOSE,CLOSE,CLOSE,2025-10-07,413,6104.5,237.4008941650391,,,11.925570158608375,283.0626208266044,11902.014006482143
DIVISLAB-WIPRO,negative,OPEN_SHORT,—,DIVISLAB+WIPRO,2025-10-10,416,6474.5,242.4407806396484,0.9191454171350794,24.54622934120289,11.902014006482142,,11890.11199247566
DIVISLAB-WIPRO,negative,CLOSE,CLOSE,CLOSE,2025-10-14,418,6561.0,242.1678161621094,,,11.974819836396652,-84.78064975090695,11805.331342724754
DIVISLAB-WIPRO,negative,OPEN_LONG,DIVISLAB+WIPRO,—,2025-10-21,423,6587.0,235.2855072021484,0.8961083454322722,25.087247155818357,11.805331342724754,,11793.52601138203
DIVISLAB-WIPRO,negative,CLOSE,CLOSE,CLOSE,2026-02-01,493,6056.0,241.8000030517578,,,11.492928578774922,-323.89569252860747,11469.630318853422
ICICIPRULI-DRREDDY,negative,OPEN_LONG,ICICIPRULI+DRREDDY,—,2024-02-05,0,503.610107421875,1204.078125,9.928315429562044,4.152554469835585,10.0,,9990.0
ICICIPRULI-DRREDDY,negative,CLOSE,CLOSE,CLOSE,2026-02-01,493,643.4500122070312,1178.699951171875,,,11.282990435180709,1271.7074447455284,11261.707444745529
AUROPHARMA-LUPIN,negative,OPEN_LONG,AUROPHARMA+LUPIN,—,2024-02-05,0,1012.980163574219,1556.601806640625,4.935930810686265,3.2121252710034645,10.0,,9990.0
AUROPHARMA-LUPIN,negative,CLOSE,CLOSE,CLOSE,2024-05-23,71,1225.250732421875,1615.475952148438,,,11.236863971571427,1225.627107599855,11215.627107599856
AUROPHARMA-LUPIN,negative,OPEN_LONG,AUROPHARMA+LUPIN,—,2024-05-24,72,1230.431274414062,1597.368286132812,4.557599981738434,3.5106578755086604,11.215627107599856,,11204.411480492256
AUROPHARMA-LUPIN,negative,CLOSE,CLOSE,CLOSE,2024-05-28,74,1216.433837890625,1586.5830078125,,,11.113968968881498,-112.77210768723936,11091.639372805017
AUROPHARMA-LUPIN,negative,OPEN_LONG,AUROPHARMA+LUPIN,—,2024-05-29,75,1214.341674804688,1584.60400390625,4.566935156280859,3.4998142581562077,11.091639372805018,,11080.547733432211
AUROPHARMA-LUPIN,negative,CLOSE,CLOSE,CLOSE,2025-04-17,295,1167.218505859375,1925.225830078125,,,12.068544039748838,964.8361229040723,12045.383856336284
AUROPHARMA-LUPIN,negative,OPEN_LONG,AUROPHARMA+LUPIN,—,2025-04-21,296,1196.707763671875,1996.780883789062,5.032717352554506,3.0162007143916414,12.045383856336285,,12033.338472479947
AUROPHARMA-LUPIN,negative,CLOSE,CLOSE,CLOSE,2025-07-04,349,1186.844970703125,1968.655883789062,,,11.910916561925541,-146.37821097267116,11886.960261507276
AUROPHARMA-LUPIN,negative,OPEN_LONG,AUROPHARMA+LUPIN,—,2025-07-07,350,1180.668090820312,1966.369995117188,5.03399742651145,3.022564494735097,11.886960261507276,,11875.07330124577
AUROPHARMA-LUPIN,negative,CLOSE,CLOSE,CLOSE,2025-11-03,431,1158.599975585938,1983.800048828125,,,11.828552887697484,-70.23592669749077,11804.837374548279
AUROPHARMA-LUPIN,negative,OPEN_LONG,AUROPHARMA+LUPIN,—,2025-11-04,432,1149.099975585938,1997.0,5.13655801294786,2.955642807848843,11.80483737454828,,11793.03253717373
AUROPHARMA-LUPIN,negative,CLOSE,CLOSE,CLOSE,2026-02-01,493,1172.099975585938,2135.199951171875,,,12.331447900572293,514.2790781234421,12307.311615297172
ICICIBANK-PERSISTENT,negative,OPEN_LONG,ICICIBANK+PERSISTENT,—,2024-02-05,0,1006.994079589844,4226.78369140625,4.965272489026486,1.1829325475457442,10.0,,9990.0
ICICIBANK-PERSISTENT,negative,CLOSE,CLOSE,CLOSE,2026-02-01,493,1334.199951171875,6068.0,,,13.802701010921767,3788.898309910846,13778.898309910846
KOTAKBANK-AXISBANK,negative,OPEN_LONG,KOTAKBANK+AXISBANK,—,2024-02-05,0,360.8580017089844,1059.775756835938,13.855865676583427,4.717979221309967,10.0,,9990.0
KOTAKBANK-AXISBANK,negative,CLOSE,CLOSE,CLOSE,2026-02-01,493,407.25,1340.400024414062,,,11.96678076021752,1954.8139794573008,11944.8139794573
