Datetime,ALKEM,AUROPHARMA,AXISBANK,BAJFINANCE,BIOCON,CIPLA,COFORGE,DIVISLAB,DRREDDY,HCLTECH,HDFCBANK,HDFCLIFE,ICICIBANK,ICICIPRULI,INFY,KOTAKBANK,LICI,LTM,LUPIN,MPHASIS,OFSS,PERSISTENT,SBILIFE,SBIN,SUNPHARMA,TCS,TECHM,TORNTPHARM,WIPRO,ZYDUSLIFE
2026-01-16 09:15:00+05:30,5841.5,1188.7,1299.1,954.15,383.7,1397.9,1725.0,6340.0,1189.5,1691.7,931.9,727.3,1413.4,676.05,1673.7,424.2,828.0,6212.0,2209.5,2906.7,7759.0,6410.5,2069.0,1033.7,1677.8,3208.5,1639.0,4005.7,268.95,886.6
2026-01-16 10:15:00+05:30,5846.5,1186.1,1292.8,953.85,384.35,1405.0,1720.8,6331.0,1194.8,1684.7,930.5,735.95,1416.0,678.0,1684.8,423.9,826.45,6287.5,2205.0,2919.3,7910.0,6408.0,2095.6,1042.65,1677.7,3200.1,1647.8,4007.7,267.75,881.95
2026-01-16 11:15:00+05:30,5850.0,1183.0,1293.4,956.3,384.3,1403.5,1724.8,6323.0,1191.4,1693.9,934.5,731.45,1417.0,678.0,1692.8,420.9,824.6,6352.5,2210.2,2917.4,7912.0,6475.5,2084.9,1042.35,1675.1,3206.8,1655.6,4001.9,268.95,882.85
2026-01-16 12:15:00+05:30,5837.5,1176.5,1292.2,951.0,383.6,1397.7,1722.6,6277.0,1185.9,1694.7,932.15,732.2,1401.6,679.0,1686.0,421.4,821.75,6341.0,2194.3,2924.6,7928.5,6420.0,2079.6,1040.7,1669.8,3209.9,1663.4,4001.7,268.05,878.6
2026-01-16 13:15:00+05:30,5829.0,1168.6,1292.5,950.4,379.95,1396.7,1732.3,6246.0,1176.4,1693.1,931.35,730.65,1415.6,678.35,1682.6,420.6,820.35,6305.0,2180.0,2886.5,7904.0,6394.5,2074.7,1038.9,1663.9,3205.3,1664.7,4001.2,267.55,871.15
2026-01-16 14:15:00+05:30,5840.5,1173.2,1294.4,949.85,378.25,1397.5,1733.2,6233.0,1175.4,1699.2,931.0,731.2,1408.3,677.85,1692.0,417.6,820.3,6304.5,2177.6,2886.5,7960.5,6407.0,2079.8,1042.05,1669.0,3205.3,1668.2,4015.8,267.7,868.25
2026-01-16 15:15:00+05:30,5840.0,1166.3,1296.0,951.0,376.5,1398.0,1732.0,6237.0,1177.7,1696.5,930.55,733.5,1413.0,677.95,1689.1,418.7,820.0,6300.0,2174.1,2875.0,7944.0,6409.5,2080.5,1040.6,1671.1,3209.0,1672.0,4021.7,266.8,868.0
2026-01-19 09:15:00+05:30,5770.5,1166.9,1304.1,956.6,378.0,1374.3,1739.2,6201.0,1174.1,1695.0,922.8,736.9,1362.1,670.05,1674.5,422.3,818.15,6306.0,2168.4,2867.7,7983.5,6392.5,2087.0,1038.9,1669.6,3185.0,1726.0,4030.3,250.0,863.35
2026-01-19 10:15:00+05:30,5727.0,1164.6,1303.3,966.8,376.15,1380.4,1733.7,6150.0,1167.3,1705.0,924.15,734.6,1370.2,667.35,1679.2,422.6,814.0,6300.0,2174.7,2902.8,7928.5,6427.0,2082.0,1041.6,1668.2,3169.3,1726.0,4064.8,248.5,865.0
2026-01-19 11:15:00+05:30,5733.0,1169.5,1297.7,968.4,374.0,1391.1,1731.6,6130.0,1172.7,1708.5,925.2,733.65,1371.2,663.25,1681.0,427.2,811.8,6336.5,2185.0,2895.9,7902.5,6441.5,2077.1,1039.9,1680.1,3158.3,1731.9,4090.8,248.15,865.75
2026-01-19 12:15:00+05:30,5726.0,1172.4,1304.0,970.15,375.1,1389.6,1729.4,6127.5,1172.9,1709.5,927.9,735.95,1369.6,661.55,1676.7,428.2,808.85,6347.5,2179.4,2897.0,7940.5,6423.5,2074.8,1040.1,1674.8,3159.0,1732.9,4089.2,246.95,869.95
2026-01-19 13:15:00+05:30,5709.0,1165.0,1302.2,969.05,376.25,1391.6,1729.0,6132.5,1171.5,1711.7,927.5,737.0,1381.1,661.45,1682.4,427.6,811.05,6404.0,2177.6,2897.6,7972.5,6450.5,2075.8,1040.4,1680.8,3164.0,1730.1,4066.6,246.15,874.45
2026-01-19 14:15:00+05:30,5743.5,1168.8,1308.8,969.75,376.0,1391.7,1730.2,6140.5,1166.4,1717.7,928.4,737.25,1380.5,661.25,1682.0,427.5,810.75,6425.5,2179.4,2893.5,7995.5,6437.5,2073.6,1038.3,1674.3,3162.6,1724.9,4084.1,245.9,882.4
2026-01-19 15:15:00+05:30,5725.0,1164.1,1306.8,968.0,375.0,1387.8,1726.0,6140.0,1169.9,1714.2,925.95,737.0,1377.7,660.5,1679.9,427.5,807.35,6360.0,2179.2,2876.1,7970.0,6436.0,2079.0,1038.5,1674.9,3161.0,1710.4,4075.0,245.5,878.6
2026-01-20 09:15:00+05:30,5737.5,1158.9,1301.7,945.05,374.1,1380.0,1708.1,6106.0,1165.1,1693.0,925.4,737.6,1382.5,661.5,1670.6,429.7,817.0,6008.0,2162.3,2869.7,7937.5,6393.5,2062.3,1042.2,1663.0,3143.8,1692.8,4038.4,243.1,883.1
2026-01-20 10:15:00+05:30,5753.5,1157.8,1301.9,944.0,370.8,1390.0,1705.6,6116.5,1170.7,1693.6,930.1,738.0,1384.3,657.9,1671.5,428.6,819.35,5977.0,2165.6,2863.4,7905.5,6393.5,2059.0,1039.0,1653.5,3136.0,1687.7,4030.5,241.9,878.75
2026-01-20 11:15:00+05:30,5725.0,1159.1,1307.8,942.8,370.25,1382.1,1700.4,6083.0,1187.6,1694.2,931.3,736.65,1383.8,655.85,1668.6,427.7,815.85,5921.5,2164.6,2830.9,7923.5,6374.5,2059.5,1040.7,1641.0,3137.1,1682.5,4041.7,239.85,878.05
2026-01-20 12:15:00+05:30,5729.5,1155.6,1300.4,945.4,368.45,1381.1,1700.0,6072.5,1186.5,1690.5,933.05,735.2,1384.8,657.0,1665.5,427.8,816.45,5996.0,2174.6,2825.8,7909.5,6399.0,2064.8,1039.95,1638.4,3118.9,1678.8,4021.3,240.7,878.65
2026-01-20 13:15:00+05:30,5733.0,1142.3,1299.8,943.45,365.85,1380.3,1689.0,6023.5,1172.6,1688.4,932.5,735.8,1380.0,653.55,1663.2,427.9,810.25,5981.5,2170.0,2807.2,7811.5,6360.0,2058.1,1039.85,1619.0,3116.9,1677.4,3998.0,240.3,874.65
2026-01-20 14:15:00+05:30,5718.0,1140.9,1293.3,933.3,366.75,1377.7,1696.0,6001.5,1166.5,1683.6,930.75,731.4,1375.6,651.35,1657.9,423.3,809.0,5979.5,2167.7,2814.0,7818.0,6343.0,2047.1,1035.65,1611.2,3104.0,1677.4,3977.0,239.6,873.55
2026-01-20 15:15:00+05:30,5672.0,1142.0,1296.3,931.75,365.0,1381.0,1695.0,6011.0,1172.6,1685.0,930.5,734.05,1375.6,651.15,1654.4,423.8,810.0,5957.0,2165.0,2822.8,7797.0,6306.0,2044.0,1034.25,1621.3,3104.2,1675.7,3975.1,240.0,875.2
2026-01-21 09:15:00+05:30,5722.0,1145.0,1282.8,930.15,365.4,1378.8,1627.3,6035.0,1168.2,1678.9,927.95,737.1,1348.6,651.15,1646.8,422.4,810.75,5798.0,2188.6,2764.1,7652.0,6120.0,2063.5,1036.9,1624.3,3112.5,1678.7,3977.0,241.55,881.3
2026-01-21 10:15:00+05:30,5641.0,1133.8,1273.4,930.3,361.6,1374.4,1619.0,6017.5,1161.1,1676.0,923.5,731.85,1348.0,645.85,1639.4,419.0,808.75,5782.0,2155.0,2745.4,7603.5,6069.5,2056.8,1027.5,1618.5,3113.1,1669.3,3948.2,239.05,875.25
2026-01-21 11:15:00+05:30,5650.0,1133.2,1275.5,940.0,364.45,1379.2,1627.9,6039.0,1165.5,1677.5,925.5,732.1,1350.4,645.3,1647.5,418.3,808.0,5833.5,2163.8,2760.8,7725.5,6130.0,2056.9,1028.0,1621.3,3128.5,1674.7,3969.8,239.4,881.3
2026-01-21 12:15:00+05:30,5647.0,1133.3,1286.5,943.1,366.25,1371.1,1647.5,6022.0,1157.7,1683.7,925.3,731.1,1352.7,644.3,1651.9,422.9,806.6,5840.0,2159.3,2765.1,7713.0,6195.0,2054.8,1030.0,1613.7,3128.3,1681.6,3994.6,239.5,877.15
2026-01-21 13:15:00+05:30,5587.0,1120.6,1283.4,935.6,361.45,1366.0,1640.6,5960.0,1152.0,1677.6,922.05,725.85,1354.9,639.65,1651.4,421.6,807.6,5778.5,2135.5,2761.3,7560.0,6149.0,2050.2,1026.85,1615.1,3113.0,1676.2,3949.0,238.65,871.55
2026-01-21 14:15:00+05:30,5658.0,1121.7,1285.1,936.4,364.35,1368.7,1669.4,6012.0,1158.5,1683.3,920.15,724.95,1348.7,648.0,1653.7,421.4,809.65,5845.0,2139.9,2804.1,7660.5,6239.0,2054.1,1028.0,1611.9,3123.0,1688.4,3975.9,239.55,876.35
2026-01-21 15:15:00+05:30,5630.0,1128.0,1277.5,938.0,365.0,1370.0,1666.9,6002.5,1156.0,1680.9,921.0,723.0,1346.9,649.95,1655.1,421.3,809.05,5843.0,2139.3,2768.0,7699.5,6220.0,2047.7,1029.45,1615.0,3122.0,1684.4,3950.1,239.7,876.7
2026-01-22 09:15:00+05:30,5727.0,1145.3,1290.6,942.15,372.85,1381.0,1714.9,6125.0,1222.2,1692.2,922.55,727.85,1349.2,652.6,1665.4,427.4,814.2,5986.0,2187.4,2872.2,7985.0,6365.0,2047.3,1047.75,1642.9,3149.8,1709.5,4020.0,241.5,885.8
2026-01-22 10:15:00+05:30,5731.0,1134.9,1283.1,943.5,371.0,1370.3,1702.0,6069.0,1219.1,1686.9,914.7,721.05,1341.3,650.0,1658.5,421.1,810.15,5942.5,2181.4,2842.1,7905.0,6260.0,2022.3,1043.35,1629.9,3141.0,1700.0,4010.9,241.0,883.55
2026-01-22 11:15:00+05:30,5736.0,1133.4,1285.3,936.9,369.95,1379.3,1680.0,6080.0,1223.3,1698.5,917.0,723.9,1342.9,650.0,1660.4,423.3,810.9,5914.5,2176.4,2829.5,7891.5,6235.5,2023.2,1043.0,1622.4,3157.7,1693.7,3992.0,240.3,884.35
2026-01-22 12:15:00+05:30,5725.5,1136.9,1288.9,939.45,370.9,1377.0,1680.9,6071.5,1220.2,1697.3,914.6,724.3,1342.5,650.65,1655.2,422.5,814.75,5927.0,2177.8,2832.9,7914.5,6210.0,2025.0,1044.5,1618.3,3126.4,1691.1,4000.0,240.1,884.8
2026-01-22 13:15:00+05:30,5731.0,1138.6,1288.8,936.0,372.75,1372.1,1684.7,6063.0,1217.1,1696.3,915.25,724.2,1341.7,655.4,1656.1,423.3,821.1,5902.0,2160.1,2822.5,7937.5,6257.5,2014.3,1043.75,1614.0,3129.5,1686.8,4010.7,240.0,884.25
2026-01-22 14:15:00+05:30,5745.5,1145.7,1295.4,943.0,372.8,1368.6,1687.5,6067.5,1216.6,1704.0,919.0,725.25,1345.2,653.35,1663.2,426.2,819.05,5948.0,2161.6,2812.7,7898.5,6319.5,2024.0,1048.5,1633.3,3151.8,1686.7,4020.9,240.8,884.1
2026-01-22 15:15:00+05:30,5744.5,1145.3,1291.4,945.0,372.55,1374.0,1690.0,6088.0,1218.6,1700.0,921.0,724.35,1347.0,652.5,1662.8,427.1,818.5,5950.0,2171.0,2800.0,7912.5,6313.5,2024.9,1050.2,1635.5,3152.2,1690.3,4020.2,241.15,885.8
2026-01-23 09:15:00+05:30,5794.5,1145.4,1288.2,945.2,372.0,1376.5,1650.4,6081.0,1243.0,1707.4,917.55,718.3,1339.0,649.7,1670.2,427.3,821.95,5955.0,2154.3,2762.9,7898.0,6230.0,1991.6,1046.95,1630.4,3180.8,1699.3,3986.3,242.8,891.0
2026-01-23 10:15:00+05:30,5796.0,1143.1,1283.1,943.0,372.0,1379.6,1630.8,6033.5,1243.0,1709.6,920.0,720.9,1346.0,649.5,1667.0,426.7,823.8,5935.0,2151.6,2762.5,7997.0,6187.5,2002.4,1050.55,1630.7,3188.6,1699.5,4006.2,240.7,888.55
2026-01-23 11:15:00+05:30,5773.0,1133.8,1269.7,930.35,369.7,1382.8,1635.1,6013.0,1239.2,1715.0,915.8,719.75,1347.1,647.65,1670.0,423.4,818.8,5883.5,2144.7,2753.0,8017.0,6193.5,2001.5,1046.7,1635.8,3185.7,1704.0,4005.9,239.65,886.0
2026-01-23 12:15:00+05:30,5775.5,1135.7,1276.0,932.5,369.25,1372.5,1653.0,6063.0,1247.7,1714.7,917.95,719.1,1354.5,645.8,1669.5,424.8,813.75,5915.5,2161.0,2763.6,8008.0,6195.5,2005.1,1042.05,1643.3,3188.4,1706.4,4009.4,239.75,888.05
2026-01-23 13:15:00+05:30,5770.0,1125.1,1269.5,931.25,367.95,1327.3,1633.8,5998.5,1237.1,1701.2,910.0,714.65,1347.6,640.5,1663.2,421.6,807.75,5914.0,2137.8,2757.3,7989.5,6135.0,1999.9,1033.65,1635.5,3161.4,1704.0,3952.7,239.15,882.1
2026-01-23 14:15:00+05:30,5744.0,1132.4,1261.9,927.7,365.5,1316.8,1635.3,6004.0,1232.0,1706.8,916.5,712.05,1344.3,637.35,1670.1,422.6,802.9,5872.5,2132.6,2750.2,7950.0,6158.0,2002.2,1030.7,1631.4,3160.9,1701.8,3923.6,238.55,881.75
2026-01-23 15:15:00+05:30,5749.0,1128.5,1253.9,929.5,367.25,1322.3,1642.0,6009.5,1238.4,1706.6,915.8,712.3,1346.0,639.85,1672.0,424.2,803.0,5868.0,2138.0,2745.0,7940.0,6108.0,2005.2,1028.4,1633.0,3157.0,1700.7,3932.8,238.05,883.0
2026-01-27 09:15:00+05:30,5774.0,1135.2,1322.6,927.4,367.5,1302.1,1666.5,6087.5,1245.3,1716.9,918.6,713.6,1339.7,637.05,1679.9,406.0,805.85,5924.5,2149.3,2789.9,8041.0,6169.0,2030.3,1041.0,1644.7,3151.5,1726.6,3968.8,233.65,891.55
2026-01-27 10:15:00+05:30,5775.0,1124.2,1327.1,916.2,363.3,1305.7,1653.1,6043.5,1239.6,1702.3,912.65,720.05,1339.5,644.65,1672.7,406.4,806.0,5862.0,2137.3,2793.5,7978.5,6102.5,2025.5,1037.75,1631.5,3133.8,1713.9,3949.0,233.0,889.9
2026-01-27 11:15:00+05:30,5755.0,1125.1,1312.7,915.85,363.6,1310.0,1661.3,6048.5,1240.5,1715.7,918.2,717.5,1348.6,640.85,1681.4,410.4,807.0,5885.0,2144.0,2792.0,8012.5,6130.0,2029.8,1041.2,1631.5,3149.9,1727.9,3953.1,233.75,891.0
2026-01-27 12:15:00+05:30,5752.0,1122.7,1313.1,915.0,361.65,1322.0,1653.0,6052.5,1239.3,1712.3,917.95,716.65,1356.6,641.15,1680.3,409.3,804.4,5875.0,2134.0,2784.6,7993.5,6131.5,2034.0,1040.0,1629.8,3140.9,1726.7,3973.3,233.1,889.85
2026-01-27 13:15:00+05:30,5722.0,1117.9,1314.8,910.5,359.85,1315.4,1656.6,6048.5,1236.0,1717.3,918.1,715.05,1356.6,638.55,1680.4,406.2,802.4,5886.5,2125.4,2777.8,7942.0,6108.0,2029.2,1044.1,1627.4,3142.7,1725.7,3966.8,232.7,886.4
2026-01-27 14:15:00+05:30,5750.0,1130.1,1313.9,914.8,365.8,1312.6,1662.4,6065.0,1239.9,1720.5,925.35,720.35,1360.2,643.55,1681.5,408.0,808.8,5943.5,2148.7,2813.6,8002.0,6213.5,2037.6,1053.2,1640.1,3159.5,1746.0,4012.0,234.85,892.9
2026-01-27 15:15:00+05:30,5755.0,1133.1,1322.0,917.95,363.35,1314.0,1670.0,6055.0,1238.0,1720.2,928.0,725.0,1367.1,638.0,1687.4,411.9,808.2,5990.0,2157.9,2825.0,8054.5,6238.5,2035.0,1053.0,1639.0,3167.0,1748.0,3972.6,235.4,891.9
2026-01-28 09:15:00+05:30,5752.0,1124.7,1337.6,922.7,364.45,1320.4,1682.3,6098.0,1229.4,1714.3,936.25,721.05,1370.3,646.9,1663.0,410.1,810.6,5985.0,2132.2,2830.9,7954.5,6272.0,2039.1,1053.15,1619.1,3183.9,1749.9,3950.1,236.25,886.85
2026-01-28 10:15:00+05:30,5723.0,1135.1,1338.4,930.25,367.8,1317.1,1674.9,6103.0,1223.9,1719.0,937.05,723.5,1370.2,647.2,1660.0,411.2,815.45,5952.5,2128.4,2850.4,7989.0,6260.5,2064.0,1060.75,1618.1,3187.8,1748.8,3938.2,236.8,891.95
2026-01-28 11:15:00+05:30,5700.0,1130.9,1328.8,927.75,367.95,1318.9,1678.0,6127.0,1226.8,1717.1,936.0,723.9,1370.3,643.3,1659.0,412.3,819.85,5966.5,2123.5,2853.0,8004.5,6242.5,2061.5,1059.4,1615.0,3195.5,1752.5,3928.2,236.75,890.7
2026-01-28 12:15:00+05:30,5669.5,1131.9,1324.5,929.6,368.95,1315.8,1676.2,6134.5,1223.7,1714.0,932.9,725.95,1369.3,641.55,1654.5,412.0,820.55,5976.5,2125.0,2831.9,7983.5,6195.5,2055.0,1059.0,1616.0,3193.6,1750.1,3940.2,236.75,892.55
2026-01-28 13:15:00+05:30,5678.0,1129.6,1315.8,930.2,367.75,1318.6,1688.0,6130.5,1222.0,1717.7,929.5,725.65,1364.6,640.0,1656.5,409.3,818.05,5990.0,2125.0,2819.0,7955.5,6201.0,2052.3,1056.15,1605.0,3189.5,1750.1,3934.9,236.55,890.9
2026-01-28 14:15:00+05:30,5724.0,1141.0,1319.8,934.2,371.15,1327.5,1695.4,6154.0,1223.2,1729.2,931.4,728.0,1367.4,642.8,1665.9,412.1,821.95,6013.0,2132.9,2832.6,8019.0,6221.5,2053.6,1063.1,1610.7,3199.2,1764.8,3955.3,237.25,896.45
2026-01-28 15:15:00+05:30,5720.0,1142.7,1314.0,936.0,370.0,1334.7,1690.1,6217.5,1221.0,1722.8,932.4,728.9,1368.3,643.0,1666.0,411.4,824.75,6016.0,2131.6,2839.0,8048.0,6195.0,2053.0,1062.65,1608.0,3199.0,1760.0,3945.7,237.95,897.4
2026-01-29 09:15:00+05:30,5633.0,1129.1,1329.8,930.9,361.5,1308.9,1664.5,6112.5,1193.2,1703.1,926.0,727.55,1363.9,632.65,1648.7,410.4,819.35,5924.0,2098.9,2780.4,7816.0,6027.0,2018.8,1069.3,1587.5,3135.5,1749.3,3933.2,236.5,884.0
2026-01-29 10:15:00+05:30,5660.0,1138.2,1337.3,931.0,361.75,1313.7,1668.5,6101.0,1202.1,1710.0,930.2,729.65,1365.4,634.7,1650.9,408.5,819.9,5930.0,2103.4,2782.2,7794.0,6029.0,1999.9,1074.35,1589.6,3130.9,1751.3,3942.5,236.65,884.4
2026-01-29 11:15:00+05:30,5664.5,1139.1,1344.0,931.3,363.2,1320.2,1667.4,6036.0,1203.5,1710.8,933.85,729.0,1367.5,633.2,1648.5,411.8,819.8,5943.0,2121.3,2763.6,7772.5,6020.0,1981.1,1069.85,1599.7,3132.2,1749.3,3917.5,237.0,889.15
2026-01-29 12:15:00+05:30,5664.5,1139.6,1350.0,934.7,363.55,1317.2,1671.8,6004.5,1200.9,1719.2,936.55,728.8,1373.4,628.7,1659.9,413.7,819.35,5974.0,2119.8,2775.6,7797.0,6031.0,1970.0,1073.2,1596.9,3145.0,1765.6,3943.7,238.75,887.7
2026-01-29 13:15:00+05:30,5690.5,1142.9,1356.3,935.05,363.65,1320.4,1672.2,6007.0,1205.4,1721.9,937.95,727.65,1378.0,627.7,1661.5,413.2,821.3,5994.0,2126.7,2780.1,7863.5,6055.0,1983.9,1069.6,1594.4,3139.7,1771.8,3933.5,240.3,887.85
2026-01-29 14:15:00+05:30,5704.0,1152.5,1363.6,934.3,365.35,1318.5,1678.6,6039.5,1210.4,1721.0,934.65,727.05,1382.8,624.8,1658.6,412.5,820.5,5990.5,2134.4,2772.8,7844.5,6072.5,1999.0,1062.55,1588.0,3145.0,1768.0,3926.2,239.95,889.7
2026-01-29 15:15:00+05:30,5713.0,1152.0,1364.9,937.25,364.65,1319.0,1677.6,6040.0,1209.0,1719.9,935.0,725.5,1385.0,629.8,1661.0,412.2,821.0,5987.0,2122.0,2770.0,7831.0,6060.0,1998.0,1067.25,1590.5,3139.0,1765.1,3921.1,240.0,891.0
2026-01-30 09:15:00+05:30,5699.5,1185.6,1372.0,929.1,365.2,1320.5,1664.0,6021.5,1219.4,1694.3,936.65,723.8,1377.1,626.9,1625.5,408.8,815.55,5922.0,2146.8,2740.3,7718.0,6010.0,1976.5,1067.45,1591.2,3113.9,1738.8,3929.8,236.5,888.7
2026-01-30 10:15:00+05:30,5682.0,1175.1,1372.7,928.05,365.4,1320.9,1664.3,6000.0,1217.9,1697.0,934.4,725.2,1364.9,631.5,1622.1,407.0,815.6,5945.0,2137.9,2740.3,7730.0,6036.5,1979.5,1064.5,1588.2,3112.1,1744.0,3943.7,236.55,885.15
2026-01-30 11:15:00+05:30,5683.5,1179.5,1374.5,937.0,364.55,1323.0,1663.9,6015.0,1218.9,1699.0,935.6,726.0,1360.4,631.65,1625.9,407.8,818.4,5960.0,2133.6,2747.0,7725.5,6042.5,2000.3,1076.8,1587.6,3128.6,1743.9,3957.7,236.85,886.05
2026-01-30 12:15:00+05:30,5658.0,1187.9,1372.0,933.0,364.6,1323.0,1659.0,6007.5,1212.4,1697.3,931.55,729.8,1358.0,634.45,1627.2,406.5,816.35,5953.0,2142.0,2753.2,7710.0,6007.0,1994.4,1075.65,1596.6,3123.3,1738.9,3964.1,236.25,883.55
2026-01-30 13:15:00+05:30,5692.0,1202.5,1375.1,936.4,367.8,1322.6,1664.0,6011.5,1217.8,1704.3,934.2,734.05,1361.1,634.5,1635.5,409.4,820.35,5970.5,2147.1,2757.2,7720.5,6027.0,2008.1,1078.2,1604.5,3132.1,1739.0,3989.3,236.95,887.2
2026-01-30 14:15:00+05:30,5664.5,1203.3,1371.2,929.95,367.5,1324.0,1653.2,6046.5,1217.8,1697.9,928.75,730.0,1355.8,635.3,1641.0,407.8,822.8,5983.5,2149.3,2755.7,7757.5,6026.0,1995.0,1077.2,1595.9,3123.4,1743.4,3959.9,236.95,884.55
2026-01-30 15:15:00+05:30,5689.0,1198.9,1366.9,930.85,367.05,1325.0,1653.3,6025.5,1213.2,1691.4,929.0,729.5,1357.0,633.5,1642.7,407.5,826.05,5970.0,2147.0,2755.0,7741.0,6030.0,2009.9,1077.0,1595.0,3129.0,1735.2,3952.5,236.45,884.0
2026-02-01 09:15:00+05:30,5649.5,1190.0,1366.5,932.8,363.25,1321.4,1633.5,6043.5,1218.9,1688.5,935.4,731.3,1353.5,638.1,1616.7,410.7,826.0,5934.5,2130.0,2735.0,7700.0,5967.0,1990.1,1078.1,1614.9,3115.0,1732.0,3947.8,236.45,881.85
2026-02-01 10:15:00+05:30,5637.0,1188.5,1363.0,933.7,375.7,1330.5,1648.6,6081.5,1227.9,1699.4,934.7,731.7,1360.9,638.05,1620.8,412.2,826.25,5978.0,2144.0,2747.4,7731.5,6058.0,1995.5,1078.0,1618.9,3125.3,1745.2,4001.9,237.83,889.7
2026-02-01 11:15:00+05:30,5602.0,1188.4,1358.5,924.7,369.3,1322.6,1658.2,6047.5,1228.7,1686.0,934.65,725.75,1360.2,635.25,1638.3,413.8,819.4,5974.0,2114.5,2751.3,7744.5,6055.0,1963.0,1045.3,1618.4,3153.3,1744.0,3974.8,238.46,886.0
2026-02-01 12:15:00+05:30,5610.0,1191.2,1349.7,909.8,371.95,1313.6,1660.8,6051.0,1221.6,1685.3,931.5,719.65,1345.4,631.9,1661.2,406.25,805.55,6022.5,2118.6,2745.3,7750.5,6157.0,1961.0,1044.9,1617.8,3187.3,1742.5,4000.4,243.21,885.45
2026-02-01 13:15:00+05:30,5611.5,1183.0,1349.5,903.0,373.85,1317.0,1682.6,6043.5,1199.0,1677.1,925.2,727.5,1345.5,641.6,1656.0,404.5,803.75,6110.0,2108.4,2815.1,7759.5,6110.0,1988.7,1029.9,1609.3,3200.0,1737.6,4002.2,244.04,884.15
2026-02-01 14:15:00+05:30,5560.5,1174.5,1336.9,902.0,369.1,1326.9,1659.3,6055.0,1181.1,1665.0,923.55,718.8,1335.4,645.1,1660.0,407.55,800.05,6095.0,2138.6,2768.5,7731.0,6112.5,1980.3,1017.3,1611.5,3193.7,1718.3,3995.1,241.88,878.7
2026-02-01 15:15:00+05:30,5590.0,1164.8,1344.2,904.5,367.05,1343.0,1650.0,6002.0,1191.8,1674.3,918.05,714.65,1334.0,642.0,1642.0,407.85,797.0,5998.5,2131.0,2755.2,7780.0,6055.0,1977.0,1020.0,1609.0,3178.2,1711.0,3972.6,241.93,878.35
2026-02-02 09:15:00+05:30,5530.5,1179.6,1332.4,902.45,363.2,1306.7,1656.3,5985.0,1187.6,1672.0,924.85,718.0,1339.2,639.5,1628.1,407.85,799.2,6030.5,2112.6,2753.0,7701.5,6077.5,1977.7,1007.1,1612.8,3167.5,1716.6,3943.3,241.63,874.9
2026-02-02 10:15:00+05:30,5461.5,1157.9,1323.2,899.75,361.9,1295.2,1650.0,5909.0,1170.4,1673.1,921.75,710.9,1341.9,632.4,1633.0,410.15,790.55,5985.0,2085.5,2730.5,7666.0,6012.5,1969.9,993.7,1601.1,3146.1,1720.3,3913.9,240.0,867.0
2026-02-02 11:15:00+05:30,5424.0,1157.4,1323.4,902.5,363.6,1300.0,1642.8,5941.5,1177.3,1683.8,926.45,713.1,1345.1,633.55,1631.2,408.5,792.1,5991.0,2088.3,2724.3,7657.0,6027.0,1992.2,1014.7,1611.8,3165.0,1722.4,3933.7,240.49,867.8
2026-02-02 12:15:00+05:30,5434.5,1158.6,1316.4,900.35,364.2,1299.9,1655.3,5928.0,1182.3,1682.2,923.9,713.55,1347.3,633.55,1629.5,406.65,795.1,5999.0,2088.9,2738.8,7676.5,6041.0,1996.3,1017.5,1617.2,3171.7,1721.9,3948.0,242.13,867.95
2026-02-02 13:15:00+05:30,5454.0,1162.6,1309.4,895.9,365.0,1301.0,1655.0,5940.5,1177.9,1676.4,923.1,715.25,1348.8,637.3,1621.1,407.05,792.85,5970.5,2106.0,2726.5,7695.0,6045.0,1991.5,1022.5,1623.0,3149.7,1716.7,3955.0,241.9,872.0
2026-02-02 14:15:00+05:30,5516.5,1168.6,1308.1,903.85,368.9,1313.0,1668.0,5955.0,1182.8,1678.5,927.6,717.95,1352.7,641.25,1629.9,408.4,800.8,5984.0,2128.3,2762.7,7743.0,6079.0,1998.8,1029.3,1630.0,3172.2,1722.9,3986.2,242.05,879.95
2026-02-02 15:15:00+05:30,5515.0,1178.0,1309.2,908.0,371.0,1314.5,1668.0,5968.5,1182.8,1675.0,928.1,717.0,1351.0,642.9,1627.0,407.8,806.0,5995.5,2129.4,2766.0,7735.5,6068.5,2002.8,1026.5,1628.9,3167.0,1723.8,3993.0,242.5,877.5
2026-02-03 09:15:00+05:30,5664.0,1229.4,1349.1,946.7,374.0,1332.6,1707.2,6243.5,1221.9,1710.9,947.6,730.15,1390.1,660.85,1662.2,418.5,830.45,6111.5,2168.7,2846.9,7869.0,6281.0,2051.9,1048.4,1683.0,3196.3,1736.9,4042.6,247.35,901.1
2026-02-03 10:15:00+05:30,5706.5,1231.4,1359.3,953.1,373.65,1334.6,1725.4,6238.0,1231.7,1710.5,950.75,725.5,1393.5,654.35,1671.8,419.4,842.3,6077.0,2178.9,2824.5,7919.5,6310.0,2049.7,1056.0,1694.4,3226.9,1742.2,4026.5,245.65,905.8
2026-02-03 11:15:00+05:30,5703.0,1238.9,1355.9,955.95,376.55,1327.7,1725.5,6292.0,1236.1,1718.0,953.7,724.3,1395.7,657.6,1673.9,419.0,839.5,6080.5,2196.9,2829.2,7929.5,6299.5,2046.6,1058.0,1703.3,3235.0,1742.7,4028.9,243.8,902.5
2026-02-03 12:15:00+05:30,5735.0,1239.6,1356.8,961.2,372.9,1326.5,1718.1,6224.5,1235.2,1706.6,950.5,724.25,1397.5,659.2,1665.3,419.2,837.45,6036.0,2192.7,2820.0,7865.0,6291.0,2027.7,1059.1,1707.2,3228.7,1729.8,4026.0,243.89,896.25
2026-02-03 13:15:00+05:30,5713.0,1239.3,1358.0,965.05,374.0,1323.3,1718.2,6202.0,1235.0,1701.6,949.9,722.5,1391.9,658.45,1665.3,416.55,840.65,6048.5,2188.1,2827.5,7870.0,6279.5,2010.7,1065.1,1700.5,3222.0,1731.3,4040.0,244.0,903.7
2026-02-03 14:15:00+05:30,5701.0,1230.7,1357.5,964.65,372.45,1322.1,1711.6,6213.0,1235.5,1698.2,948.1,720.1,1389.2,654.05,1655.9,415.6,838.3,6051.5,2183.3,2821.7,7832.0,6284.5,2000.5,1064.4,1701.8,3225.0,1717.8,4039.7,242.57,903.0
2026-02-03 15:15:00+05:30,5695.0,1222.1,1354.4,964.0,372.0,1323.4,1715.0,6194.0,1228.9,1692.2,947.65,720.0,1388.0,656.5,1654.7,415.8,837.0,6029.5,2182.0,2820.0,7808.5,6272.0,1999.4,1062.1,1702.1,3220.0,1712.7,4045.0,242.56,903.4
2026-02-04 09:15:00+05:30,5677.5,1227.8,1352.9,965.5,375.05,1331.7,1607.7,6195.5,1244.0,1610.3,953.0,719.15,1402.9,657.75,1550.1,414.25,836.15,5693.0,2193.5,2665.9,7556.5,5921.5,2020.7,1070.9,1723.5,3048.7,1628.9,4036.0,233.7,910.55
2026-02-04 10:15:00+05:30,5656.0,1180.4,1352.0,970.0,371.6,1327.9,1590.4,6073.0,1242.2,1610.2,951.95,718.95,1406.0,653.5,1536.1,413.9,833.0,5603.5,2166.3,2621.0,7516.0,5845.0,2021.8,1069.1,1700.0,3031.4,1606.4,3998.7,233.02,903.8
2026-02-04 11:15:00+05:30,5674.0,1209.1,1342.1,966.85,373.1,1333.5,1580.5,6056.5,1244.5,1602.8,953.8,720.05,1408.0,660.25,1520.6,413.95,833.35,5604.0,2194.6,2635.0,7506.5,5861.0,2027.7,1068.0,1709.9,3008.9,1615.8,4018.0,232.18,907.0
2026-02-04 12:15:00+05:30,5673.5,1210.8,1342.8,967.3,373.15,1330.1,1576.2,6051.5,1244.1,1609.5,953.95,723.9,1407.5,661.9,1518.8,411.25,834.3,5647.5,2204.2,2633.6,7494.0,5892.0,2040.8,1068.5,1709.6,3001.8,1619.1,4015.6,232.05,904.85
2026-02-04 13:15:00+05:30,5663.5,1212.1,1344.7,968.9,369.15,1329.9,1601.5,6035.0,1245.2,1614.8,954.2,726.1,1409.9,661.45,1531.2,412.8,835.5,5681.0,2199.6,2661.8,7521.0,5993.0,2042.7,1070.5,1708.5,3004.9,1637.6,4033.6,232.85,903.6
2026-02-04 14:15:00+05:30,5652.0,1214.7,1338.1,964.0,368.5,1327.4,1615.8,6040.0,1239.2,1622.7,953.55,722.5,1409.8,661.6,1535.0,412.15,835.65,5720.0,2196.0,2688.8,7522.0,5988.0,2039.7,1069.0,1706.6,2998.9,1646.9,4032.6,233.07,904.5
2026-02-04 15:15:00+05:30,5660.0,1212.7,1340.0,964.0,368.0,1329.0,1609.0,6060.0,1239.8,1617.6,949.0,721.3,1406.1,659.15,1534.0,412.0,835.0,5691.0,2195.8,2690.0,7509.0,5979.5,2038.0,1067.3,1703.0,2999.9,1639.0,4013.1,233.5,905.5
2026-02-05 09:15:00+05:30,5607.0,1189.6,1328.2,957.3,366.15,1326.2,1603.9,6000.5,1243.0,1624.3,951.0,715.1,1406.5,655.65,1542.5,410.4,834.05,5655.5,2208.0,2661.5,7480.0,5927.0,2025.9,1077.4,1693.8,3018.0,1650.1,3969.9,234.72,904.7
2026-02-05 10:15:00+05:30,5650.0,1184.1,1322.8,961.9,366.05,1323.6,1606.9,6019.0,1245.0,1621.6,951.7,713.65,1406.5,656.8,1535.9,406.8,833.05,5679.0,2229.5,2670.4,7463.0,5962.0,2020.0,1073.7,1696.5,3011.6,1639.7,3986.4,233.64,902.25
2026-02-05 11:15:00+05:30,5639.5,1183.3,1321.0,961.3,365.05,1328.2,1597.8,6002.5,1245.2,1604.3,949.6,714.7,1408.4,656.65,1522.8,406.25,832.9,5676.0,2215.0,2643.8,7464.5,5921.5,2017.5,1075.2,1697.7,2996.8,1643.0,3982.8,231.95,904.9
2026-02-05 12:15:00+05:30,5650.0,1186.1,1324.0,966.25,365.6,1330.3,1598.9,6116.0,1248.0,1602.6,949.6,716.8,1405.3,657.0,1518.9,406.35,833.2,5690.0,2208.1,2639.0,7460.5,5971.0,2012.7,1073.5,1703.3,2991.9,1638.2,3976.4,232.76,905.7
2026-02-05 13:15:00+05:30,5680.0,1191.4,1323.0,964.3,365.9,1332.2,1598.3,6114.5,1246.7,1603.7,950.1,718.85,1399.9,654.9,1521.0,405.1,835.7,5676.0,2213.9,2635.2,7461.0,5985.5,2020.0,1072.4,1702.5,2989.3,1638.5,3982.7,232.6,906.25
2026-02-05 14:15:00+05:30,5665.0,1180.3,1329.3,964.85,368.5,1332.5,1598.8,6137.5,1245.3,1609.9,950.0,721.2,1398.3,654.95,1519.9,409.2,839.7,5683.0,2219.8,2648.7,7453.5,5979.0,2017.0,1073.7,1702.0,2993.9,1645.0,3980.1,233.34,906.15
2026-02-05 15:15:00+05:30,5665.0,1176.9,1331.6,964.65,367.5,1332.7,1599.1,6126.0,1245.0,1607.4,949.7,719.0,1394.6,657.0,1520.0,411.65,840.0,5670.0,2217.9,2642.4,7440.0,5981.0,2024.6,1072.9,1703.1,2991.7,1645.0,3984.9,233.18,905.0
2026-02-06 09:15:00+05:30,5580.5,1172.7,1333.6,972.0,362.5,1319.6,1542.1,5985.0,1228.2,1594.6,944.15,717.0,1403.6,653.15,1496.6,411.7,895.55,5551.5,2173.8,2600.3,7174.0,5827.0,2007.3,1065.6,1693.4,2933.2,1626.1,3933.5,230.62,886.75
2026-02-06 10:15:00+05:30,5619.0,1171.2,1338.7,972.05,362.0,1324.7,1534.5,5975.0,1231.4,1592.1,942.45,710.65,1398.6,650.9,1496.7,417.25,898.4,5526.5,2178.0,2593.8,7189.5,5761.5,1985.7,1056.8,1695.0,2917.9,1617.2,3926.4,229.62,888.45
2026-02-06 11:15:00+05:30,5634.5,1171.2,1341.3,982.9,362.25,1329.8,1552.5,5972.5,1233.3,1589.6,941.0,705.45,1395.6,652.4,1502.5,422.7,898.1,5526.5,2179.4,2601.7,7183.0,5773.0,1979.6,1058.0,1695.0,2935.4,1620.6,3937.0,229.78,888.2
2026-02-06 12:15:00+05:30,5645.0,1170.2,1337.9,975.65,361.95,1326.7,1543.1,5950.5,1230.4,1591.3,939.8,701.85,1401.9,647.0,1497.1,420.1,901.65,5539.0,2182.9,2592.6,7184.0,5784.5,1977.7,1054.4,1693.9,2928.5,1607.0,3937.9,229.8,888.85
2026-02-06 13:15:00+05:30,5674.0,1184.9,1342.1,978.95,364.0,1325.2,1543.0,5992.0,1234.8,1592.1,941.25,699.85,1403.7,645.5,1501.6,420.15,898.45,5534.0,2172.0,2595.9,7219.0,5820.0,1985.3,1058.9,1694.9,2924.9,1611.7,3934.2,230.22,887.85
2026-02-06 14:15:00+05:30,5693.0,1191.2,1341.4,982.05,365.6,1329.2,1545.8,6019.5,1241.0,1593.8,941.05,703.5,1405.0,652.75,1506.5,422.65,902.7,5564.0,2172.8,2612.2,7277.0,5858.0,1996.7,1067.4,1694.2,2942.6,1621.4,3938.0,230.98,888.1
2026-02-06 15:15:00+05:30,5587.5,1195.0,1341.9,982.0,364.45,1326.1,1543.0,6025.0,1237.6,1592.6,941.0,703.4,1408.0,650.35,1505.7,422.35,899.0,5553.0,2162.1,2600.0,7261.0,5840.0,1986.8,1066.0,1694.7,2940.3,1616.0,3935.7,230.4,887.0
2026-02-09 09:15:00+05:30,5746.5,1189.3,1337.8,972.45,371.7,1331.5,1540.0,6043.0,1263.6,1599.4,938.45,708.75,1400.1,651.3,1498.7,429.65,892.0,5575.0,2190.0,2612.8,7268.5,5856.5,2028.4,1128.6,1703.7,2945.7,1621.0,3974.0,230.99,892.05
2026-02-09 10:15:00+05:30,5764.5,1195.6,1336.7,977.9,373.7,1334.5,1554.7,6105.0,1264.0,1609.0,939.9,711.3,1398.9,652.85,1507.0,425.55,891.35,5610.0,2199.6,2635.1,7303.0,5852.5,2033.4,1136.7,1711.6,2953.4,1625.1,4011.0,231.17,897.5
2026-02-09 11:15:00+05:30,5771.0,1203.1,1341.2,980.2,374.7,1333.8,1558.7,6091.5,1265.4,1603.5,938.0,706.05,1396.0,649.35,1501.2,427.2,890.6,5635.0,2205.2,2629.0,7290.0,5875.0,2025.4,1138.5,1710.4,2955.9,1626.0,3993.1,230.84,903.25
2026-02-09 12:15:00+05:30,5779.5,1206.0,1345.3,980.8,374.1,1332.7,1553.1,6100.5,1266.8,1598.0,936.6,707.1,1392.1,649.7,1496.1,426.7,893.15,5635.0,2185.0,2619.4,7287.5,5886.0,2026.8,1139.9,1708.9,2949.4,1616.7,3993.9,230.1,905.1
2026-02-09 13:15:00+05:30,5743.5,1205.0,1342.4,982.05,374.45,1334.7,1546.7,6111.0,1266.9,1601.5,936.65,706.75,1391.8,651.6,1497.0,428.35,890.1,5627.0,2190.5,2609.0,7269.0,5875.0,2019.9,1142.5,1707.0,2939.9,1622.9,3995.0,230.36,917.95
2026-02-09 14:15:00+05:30,5745.0,1199.6,1340.5,983.65,374.45,1341.4,1547.5,6107.0,1275.6,1601.7,937.1,707.95,1395.6,648.3,1496.8,428.5,894.45,5621.5,2189.4,2611.2,7272.0,5870.0,2024.5,1146.7,1706.3,2943.3,1622.1,3996.2,230.04,922.5
2026-02-09 15:15:00+05:30,5736.0,1204.0,1341.0,981.2,372.95,1348.0,1549.5,6140.0,1276.0,1595.1,938.8,707.3,1395.1,647.1,1497.0,427.75,895.0,5627.5,2208.7,2615.0,7266.0,5860.0,2026.0,1147.8,1706.0,2951.0,1619.0,4005.0,230.1,922.0
2026-02-10 09:15:00+05:30,5783.0,1197.1,1355.9,964.5,370.55,1352.8,1557.0,6211.5,1263.5,1593.5,938.15,706.8,1398.6,642.5,1501.7,430.65,892.2,5648.0,2216.5,2630.5,7316.0,5880.0,2000.7,1140.0,1713.4,2980.6,1645.3,4041.4,230.7,898.6
2026-02-10 10:15:00+05:30,5772.0,1198.7,1355.6,964.7,371.65,1344.3,1556.1,6198.5,1262.8,1594.8,937.0,706.5,1399.9,647.75,1509.9,433.05,893.5,5656.5,2214.6,2639.2,7332.5,5888.0,2005.1,1143.2,1713.9,2993.7,1649.5,4063.6,232.1,891.5
2026-02-10 11:15:00+05:30,5780.0,1175.0,1355.6,965.3,372.8,1342.0,1573.5,6198.5,1256.5,1588.4,937.15,706.95,1398.4,648.0,1504.7,433.15,893.5,5659.0,2216.6,2640.0,7346.0,5940.0,2005.7,1143.2,1710.8,2991.2,1643.5,4050.0,232.05,888.8
2026-02-10 12:15:00+05:30,5783.0,1146.8,1353.8,968.55,369.35,1344.6,1573.6,6186.5,1258.3,1588.1,935.1,705.5,1404.9,643.95,1506.8,432.95,891.55,5667.5,2214.2,2627.9,7342.5,5913.0,2012.1,1145.0,1706.5,2997.0,1647.1,4049.3,231.84,889.7
2026-02-10 13:15:00+05:30,5807.5,1125.6,1352.4,968.85,367.25,1343.5,1558.8,6168.5,1262.0,1579.3,932.95,704.35,1402.5,641.95,1500.0,430.85,891.55,5655.0,2203.9,2618.2,7351.0,5882.0,2020.9,1144.5,1707.6,2987.4,1646.2,4064.0,231.88,887.7
2026-02-10 14:15:00+05:30,5812.0,1125.1,1357.6,965.5,371.05,1341.5,1548.5,6173.5,1255.9,1572.1,932.75,703.95,1407.1,642.95,1496.7,429.35,892.1,5659.0,2203.9,2616.4,7341.0,5872.5,2017.9,1144.1,1707.4,2983.8,1644.3,4078.4,231.39,888.25
2026-02-10 15:15:00+05:30,5781.0,1131.7,1355.1,965.3,371.0,1341.1,1555.8,6153.0,1255.7,1569.5,932.6,703.85,1404.1,641.4,1495.0,428.45,891.9,5635.0,2205.0,2612.1,7323.5,5852.5,2022.1,1142.2,1706.0,2983.0,1646.0,4073.9,231.29,887.0
2026-02-11 09:15:00+05:30,5801.0,1134.9,1351.1,963.95,369.7,1337.0,1534.0,6197.5,1257.0,1559.9,932.7,699.2,1405.4,639.2,1488.0,429.45,866.6,5615.5,2203.0,2567.7,7273.0,5723.0,2018.6,1149.2,1708.5,2959.3,1636.2,4054.3,231.12,885.55
2026-02-11 10:15:00+05:30,5889.0,1151.2,1352.2,970.5,371.45,1346.3,1536.6,6235.5,1268.0,1561.2,927.5,700.0,1402.4,641.6,1487.5,429.1,872.4,5635.0,2214.2,2570.3,7297.0,5738.5,2019.5,1170.1,1707.6,2960.4,1645.3,4069.0,230.72,892.0
2026-02-11 11:15:00+05:30,5895.0,1149.3,1349.8,967.9,372.45,1347.3,1533.4,6286.5,1271.0,1555.0,927.4,702.05,1403.8,641.1,1484.2,429.0,877.4,5602.0,2226.1,2555.9,7292.0,5738.5,2026.1,1168.0,1714.0,2946.2,1641.8,4073.5,230.48,895.6
2026-02-11 12:15:00+05:30,5882.5,1144.3,1348.2,969.65,372.1,1347.5,1519.5,6241.5,1267.6,1550.0,926.0,701.4,1404.7,640.55,1480.3,428.6,876.05,5584.0,2223.8,2556.5,7219.0,5736.0,2024.6,1176.9,1708.1,2925.8,1635.2,4053.6,229.94,894.65
2026-02-11 13:15:00+05:30,5888.0,1149.8,1347.4,970.75,373.35,1349.5,1529.5,6320.5,1270.0,1558.3,925.7,702.6,1407.0,641.0,1477.6,429.65,877.0,5558.5,2214.1,2585.1,7246.5,5749.0,2028.3,1183.9,1711.1,2923.1,1642.9,4058.0,230.26,895.95
2026-02-11 14:15:00+05:30,5891.5,1145.8,1348.3,967.75,374.85,1348.6,1523.2,6357.5,1269.4,1551.0,927.9,700.95,1406.9,641.0,1472.2,429.7,875.5,5510.5,2205.0,2589.0,7223.0,5736.0,2026.7,1182.6,1711.6,2910.0,1633.8,4056.7,229.92,898.2
2026-02-11 15:15:00+05:30,5888.0,1142.0,1347.0,967.05,376.2,1350.1,1516.7,6394.5,1267.1,1549.0,926.8,700.0,1409.0,640.35,1471.0,429.4,876.0,5504.0,2214.8,2583.0,7214.5,5703.0,2025.0,1181.1,1706.0,2909.0,1625.1,4049.6,229.9,899.0
2026-02-12 09:15:00+05:30,5889.5,1144.7,1343.6,978.0,385.55,1337.0,1449.8,6276.5,1271.9,1500.7,926.1,692.75,1423.3,637.0,1407.1,428.5,876.2,5279.5,2215.3,2483.0,6974.0,5497.5,2004.5,1200.7,1706.7,2798.0,1572.8,4038.1,220.42,919.5
2026-02-12 10:15:00+05:30,5863.5,1139.8,1339.9,987.8,381.6,1332.4,1436.5,6255.0,1270.7,1494.2,924.9,698.75,1423.4,637.3,1405.1,426.7,880.7,5220.0,2209.9,2481.3,6885.0,5474.0,2010.1,1201.3,1710.6,2782.8,1563.5,4050.4,219.4,915.95
2026-02-12 11:15:00+05:30,5860.0,1140.5,1337.9,988.75,375.0,1332.0,1427.1,6224.5,1271.9,1499.0,923.45,698.2,1423.0,637.3,1399.4,427.45,877.95,5231.5,2201.1,2483.8,6858.0,5435.5,2012.2,1195.6,1711.2,2767.8,1564.6,4060.5,218.91,916.05
2026-02-12 12:15:00+05:30,5840.0,1145.5,1340.9,995.1,375.65,1328.8,1417.6,6196.0,1271.8,1498.2,921.55,696.1,1427.1,637.65,1398.7,429.45,877.9,5223.5,2188.7,2470.7,6817.0,5433.5,2011.4,1194.6,1712.0,2756.3,1560.0,4067.0,219.03,919.4
2026-02-12 13:15:00+05:30,5836.0,1148.8,1341.6,995.6,373.2,1330.5,1424.1,6211.5,1270.0,1488.3,920.4,698.5,1429.2,637.7,1387.9,428.0,881.1,5204.0,2203.2,2472.1,6807.5,5444.5,2020.0,1190.6,1714.3,2749.0,1547.2,4078.8,219.8,920.1
2026-02-12 14:15:00+05:30,5876.0,1155.5,1339.7,997.0,375.65,1329.8,1422.0,6194.0,1274.8,1476.8,920.9,702.95,1430.7,637.35,1387.0,425.9,880.75,5212.0,2210.3,2463.1,6767.0,5455.5,2020.4,1193.6,1716.4,2751.7,1532.3,4073.2,219.01,920.9
2026-02-12 15:15:00+05:30,5857.0,1157.6,1337.0,1001.0,376.2,1329.8,1419.9,6173.5,1272.0,1470.9,919.75,703.0,1432.0,641.1,1384.1,426.0,879.2,5186.0,2219.3,2460.5,6759.0,5455.0,2020.0,1192.0,1714.6,2741.9,1529.8,4090.0,218.8,919.5
2026-02-13 09:15:00+05:30,5770.0,1131.2,1320.0,1006.0,375.65,1318.6,1343.5,6096.0,1268.9,1405.8,924.85,700.9,1428.2,631.85,1299.8,423.9,868.3,5006.5,2179.9,2380.0,6419.5,5282.5,2031.0,1191.2,1707.7,2615.5,1488.3,4078.0,210.52,899.85
2026-02-13 10:15:00+05:30,5770.5,1144.4,1328.4,1014.3,374.5,1322.7,1367.8,6142.0,1265.7,1447.1,918.95,698.95,1418.0,633.7,1335.4,423.8,866.0,5108.5,2179.7,2436.3,6567.5,5415.5,2020.7,1191.4,1712.7,2670.2,1512.5,4098.4,213.88,902.35
2026-02-13 11:15:00+05:30,5782.0,1144.8,1323.3,1008.35,376.0,1327.0,1379.4,6172.0,1270.6,1463.2,916.1,697.75,1411.7,638.05,1369.2,423.75,869.4,5148.5,2175.1,2490.3,6683.0,5488.0,2017.0,1193.6,1707.5,2700.9,1539.8,4101.6,215.79,909.4
2026-02-13 12:15:00+05:30,5735.0,1148.0,1327.7,1016.1,381.2,1330.1,1361.0,6181.5,1275.8,1464.5,914.9,699.45,1418.0,640.0,1356.8,422.65,868.75,5145.0,2217.7,2469.3,6640.0,5465.0,2022.5,1194.0,1709.3,2693.3,1539.5,4110.2,214.69,908.85
2026-02-13 13:15:00+05:30,5530.5,1148.2,1334.8,1017.35,380.25,1334.2,1353.5,6175.5,1270.7,1462.5,910.3,698.25,1412.8,642.4,1370.1,420.55,867.6,5135.5,2205.8,2470.6,6691.0,5500.0,2031.9,1196.5,1702.8,2702.8,1542.1,4094.8,214.92,905.65
2026-02-13 14:15:00+05:30,5405.5,1146.0,1332.2,1018.2,378.2,1330.7,1361.2,6173.0,1267.9,1455.1,906.05,695.8,1413.9,640.15,1369.6,421.3,863.75,5112.5,2199.2,2456.7,6644.5,5491.5,2033.3,1200.1,1698.0,2689.5,1534.5,4078.6,214.12,905.2
2026-02-13 15:15:00+05:30,5400.0,1157.0,1330.8,1030.0,378.1,1331.7,1358.9,6177.0,1269.7,1458.0,903.9,696.85,1415.5,638.75,1369.0,421.9,861.8,5124.5,2194.0,2452.5,6630.0,5473.0,2039.0,1196.3,1699.1,2695.0,1534.0,4069.8,214.38,906.5
2026-02-16 09:15:00+05:30,5490.0,1160.6,1341.5,1024.5,382.25,1337.7,1367.5,6190.5,1266.5,1459.4,922.95,698.1,1411.5,636.8,1351.6,421.1,858.3,5102.5,2214.1,2474.9,6689.5,5516.5,2041.6,1191.7,1701.9,2701.7,1519.1,4311.7,213.53,909.85
2026-02-16 10:15:00+05:30,5468.0,1171.7,1348.8,1022.45,382.9,1344.6,1363.6,6179.0,1266.8,1453.0,923.25,700.95,1405.9,639.9,1344.0,420.65,854.9,5071.0,2220.8,2459.4,6666.0,5515.0,2038.5,1190.1,1699.3,2683.0,1514.5,4301.0,212.6,909.5
2026-02-16 11:15:00+05:30,5486.5,1177.7,1349.7,1015.1,380.0,1348.1,1368.5,6201.0,1267.0,1453.4,925.25,701.25,1405.2,640.05,1346.7,420.3,858.05,5098.0,2223.0,2460.0,6718.5,5499.5,2046.7,1190.1,1697.8,2685.1,1508.6,4284.4,212.39,909.05
2026-02-16 12:15:00+05:30,5488.0,1179.2,1358.4,1010.4,381.3,1351.0,1364.8,6194.5,1271.4,1452.8,926.7,701.6,1409.0,639.35,1346.5,421.1,859.15,5101.5,2219.1,2435.5,6730.5,5505.0,2048.0,1195.0,1697.0,2686.9,1507.6,4254.5,210.8,908.0
2026-02-16 13:15:00+05:30,5478.0,1183.0,1358.5,1005.7,380.85,1350.0,1370.5,6193.0,1269.4,1452.0,924.35,703.2,1409.5,640.25,1344.9,422.2,862.5,5077.5,2220.0,2444.7,6725.0,5512.5,2041.6,1202.7,1699.9,2684.9,1496.5,4262.6,211.29,909.0
2026-02-16 14:15:00+05:30,5488.0,1185.4,1357.8,1012.7,380.4,1357.5,1392.9,6165.0,1269.8,1462.0,926.05,706.6,1411.0,640.8,1366.7,425.85,869.7,5123.5,2220.5,2462.5,6699.5,5587.5,2044.7,1207.5,1700.2,2707.0,1512.3,4258.2,213.24,912.3
2026-02-16 15:15:00+05:30,5475.0,1186.0,1358.0,1013.0,380.25,1355.0,1397.0,6120.0,1268.0,1465.6,925.5,706.0,1413.0,639.75,1370.0,426.15,870.0,5121.0,2219.4,2461.2,6693.0,5577.0,2042.0,1210.7,1698.4,2713.0,1513.9,4258.7,213.19,910.0
2026-02-17 09:15:00+05:30,5457.0,1210.0,1353.8,1008.95,380.45,1348.4,1425.8,6166.0,1266.0,1489.2,925.65,705.5,1400.0,638.4,1405.3,421.95,871.35,5174.0,2254.0,2497.4,6827.5,5697.0,2033.6,1215.8,1713.5,2743.2,1530.7,4264.8,217.4,911.8
2026-02-17 10:15:00+05:30,5438.5,1197.9,1359.3,1010.45,378.85,1345.5,1404.6,6203.5,1265.7,1489.3,926.2,705.65,1397.9,638.25,1404.2,421.95,874.45,5170.0,2251.8,2503.2,6804.0,5694.0,2034.9,1218.6,1709.7,2732.0,1527.5,4241.8,215.91,908.3
2026-02-17 11:15:00+05:30,5428.0,1185.6,1355.4,1007.75,379.35,1346.1,1414.0,6208.5,1269.8,1505.6,925.0,707.85,1401.9,638.0,1426.3,423.45,875.25,5216.0,2249.5,2502.5,6866.0,5673.0,2027.1,1220.1,1715.8,2750.8,1541.5,4234.0,217.68,907.55
2026-02-17 12:15:00+05:30,5436.0,1186.2,1354.5,1009.15,379.5,1347.8,1406.1,6213.0,1277.8,1499.9,924.3,708.45,1402.5,639.6,1417.5,423.85,875.65,5213.5,2249.2,2502.1,6835.0,5669.5,2040.0,1223.0,1717.6,2751.8,1542.7,4223.5,218.0,905.55
2026-02-17 13:15:00+05:30,5454.0,1182.7,1353.4,1007.65,379.6,1343.0,1389.8,6185.0,1278.1,1485.1,924.45,705.7,1402.7,638.5,1397.5,423.2,873.6,5159.0,2237.5,2472.3,6825.0,5624.5,2037.8,1215.1,1714.1,2723.2,1525.7,4260.5,215.85,905.2
2026-02-17 14:15:00+05:30,5455.0,1189.8,1357.7,1013.65,379.45,1343.6,1381.4,6190.0,1286.0,1483.4,925.7,706.0,1405.3,638.35,1391.4,424.65,874.6,5169.5,2249.0,2466.8,6839.5,5632.5,2039.0,1212.9,1717.1,2717.8,1525.3,4262.9,215.74,907.5
2026-02-17 15:15:00+05:30,5460.0,1181.0,1354.0,1012.0,378.65,1343.2,1373.6,6195.0,1281.3,1483.7,926.45,705.0,1405.0,637.55,1391.3,424.3,873.1,5156.0,2244.0,2460.0,6844.0,5597.5,2035.8,1213.6,1716.6,2719.8,1520.0,4264.8,215.85,906.0
2026-02-18 09:15:00+05:30,5445.5,1169.4,1356.5,1018.1,379.1,1342.5,1345.1,6207.5,1284.7,1454.6,923.0,706.55,1401.8,638.0,1353.5,422.6,872.6,5030.0,2247.4,2419.6,6739.5,5487.0,2040.6,1219.6,1721.1,2671.5,1488.9,4240.0,211.08,904.25
2026-02-18 10:15:00+05:30,5411.5,1143.9,1364.8,1021.7,377.25,1341.5,1354.4,6219.5,1282.5,1460.6,921.95,708.9,1401.2,638.85,1365.6,422.9,876.5,5018.0,2239.5,2408.2,6727.0,5461.0,2054.0,1216.9,1720.2,2685.3,1486.8,4203.9,211.61,904.95
2026-02-18 11:15:00+05:30,5416.0,1155.2,1369.0,1021.8,378.35,1340.6,1352.0,6264.0,1280.2,1461.1,923.2,712.3,1400.1,640.8,1369.2,422.1,876.6,5031.5,2242.5,2412.5,6712.0,5497.0,2052.4,1218.8,1730.0,2682.5,1489.2,4211.8,210.91,906.15
2026-02-18 12:15:00+05:30,5440.5,1155.8,1373.9,1017.65,377.6,1338.8,1362.7,6277.5,1282.1,1463.7,922.0,723.3,1400.3,639.4,1369.9,423.2,878.35,5029.5,2241.6,2416.4,6718.0,5514.5,2051.6,1218.6,1725.2,2689.5,1490.5,4192.4,210.88,906.5
2026-02-18 13:15:00+05:30,5461.5,1164.3,1372.8,1022.0,378.7,1344.2,1364.5,6286.5,1281.7,1466.3,922.5,725.0,1403.9,639.9,1373.6,423.75,879.4,5045.5,2242.6,2418.6,6734.5,5518.0,2057.0,1217.8,1723.1,2692.1,1496.5,4200.0,210.92,907.25
2026-02-18 14:15:00+05:30,5465.5,1157.4,1377.7,1022.75,378.95,1350.1,1372.1,6289.5,1280.9,1467.0,925.05,730.05,1407.9,650.25,1373.9,426.2,878.95,5052.0,2227.7,2436.0,6711.0,5518.0,2061.0,1218.5,1723.6,2695.0,1505.7,4211.4,212.01,910.25
2026-02-18 15:15:00+05:30,5460.5,1168.6,1376.3,1020.5,378.65,1350.0,1367.3,6272.0,1282.9,1464.9,923.7,729.7,1406.0,648.0,1372.0,425.7,878.6,5048.0,2230.8,2429.0,6700.0,5504.0,2061.0,1219.2,1725.5,2694.5,1500.0,4208.1,212.15,912.5
2026-02-19 09:15:00+05:30,5448.0,1179.2,1370.0,1018.6,378.1,1352.2,1397.7,6313.5,1286.0,1490.8,922.55,727.85,1403.4,648.65,1396.2,424.55,873.4,5067.5,2223.0,2433.0,6772.0,5412.5,2049.3,1215.5,1723.7,2740.3,1519.3,4233.5,213.64,913.85
2026-02-19 10:15:00+05:30,5427.5,1185.8,1374.4,1018.75,383.65,1354.5,1390.7,6300.5,1288.0,1476.2,920.8,732.6,1399.5,652.6,1392.0,425.0,875.3,5040.0,2226.2,2421.1,6730.0,5362.5,2051.4,1212.7,1720.1,2718.7,1507.6,4232.7,212.75,911.15
2026-02-19 11:15:00+05:30,5409.0,1188.6,1365.6,1019.65,382.15,1342.5,1384.0,6301.5,1285.0,1464.2,918.25,729.15,1392.1,650.0,1381.3,422.3,870.3,5023.0,2235.7,2392.2,6695.0,5334.5,2045.9,1207.5,1721.0,2701.7,1495.6,4225.2,211.95,908.15
2026-02-19 12:15:00+05:30,5413.5,1199.7,1365.6,1018.5,386.65,1338.0,1382.9,6317.0,1288.9,1464.9,919.2,732.15,1393.0,651.55,1382.5,419.7,874.95,5021.0,2246.9,2392.8,6695.0,5323.0,2048.9,1213.1,1723.5,2699.6,1493.5,4239.1,212.42,909.25
2026-02-19 13:15:00+05:30,5408.5,1193.7,1359.2,1018.7,385.1,1335.8,1382.4,6336.5,1287.7,1461.6,918.65,733.1,1392.8,649.4,1384.6,419.65,870.6,5007.5,2243.0,2392.8,6696.0,5301.0,2043.8,1210.6,1721.7,2700.0,1490.3,4235.8,213.23,907.7
2026-02-19 14:15:00+05:30,5361.0,1173.0,1358.5,1016.4,382.4,1331.0,1361.0,6279.5,1282.9,1450.7,914.55,732.2,1387.2,649.0,1368.0,416.15,863.5,4961.5,2227.2,2379.0,6652.0,5266.5,2043.9,1206.8,1713.1,2676.0,1479.5,4227.3,211.42,901.95
2026-02-19 15:15:00+05:30,5385.0,1172.0,1351.0,1007.0,380.85,1329.0,1357.0,6275.0,1277.6,1452.3,914.3,734.35,1388.7,648.7,1366.5,417.1,863.0,4940.0,2224.0,2369.2,6628.0,5265.0,2045.0,1203.0,1710.1,2675.0,1475.5,4211.9,210.72,901.35
2026-02-20 09:15:00+05:30,5350.0,1162.6,1363.1,1015.65,384.85,1327.7,1356.8,6283.5,1285.0,1445.5,914.05,730.5,1398.1,656.85,1355.3,419.15,867.95,4906.0,2218.4,2356.2,6657.0,5172.5,2060.3,1206.3,1716.1,2681.9,1460.9,4207.5,210.33,900.0
2026-02-20 10:15:00+05:30,5345.0,1163.1,1369.0,1020.0,384.4,1329.1,1360.7,6264.0,1285.1,1447.9,914.4,734.25,1398.7,659.1,1357.0,420.7,871.55,4922.5,2225.8,2384.3,6664.5,5202.0,2071.2,1203.5,1720.4,2697.6,1470.6,4212.6,210.89,899.0
2026-02-20 11:15:00+05:30,5365.5,1161.3,1370.0,1033.8,384.75,1337.4,1354.3,6310.5,1285.0,1444.9,914.3,732.4,1397.0,656.6,1357.5,421.4,872.05,4898.5,2223.4,2394.5,6654.0,5155.0,2066.4,1207.2,1720.7,2688.2,1470.5,4237.4,210.99,900.3
2026-02-20 12:15:00+05:30,5369.5,1157.3,1368.5,1030.2,383.65,1335.8,1342.2,6300.0,1284.5,1442.4,909.4,731.0,1394.9,658.6,1356.6,420.95,871.55,4877.5,2217.6,2384.7,6653.0,5092.0,2071.4,1206.2,1721.5,2681.5,1462.9,4227.9,209.86,900.2
2026-02-20 13:15:00+05:30,5379.0,1156.0,1374.5,1032.8,384.35,1335.2,1350.7,6308.0,1285.2,1437.0,915.6,730.75,1397.0,658.95,1357.5,422.15,869.65,4911.0,2218.7,2383.0,6674.5,5163.0,2076.0,1211.2,1724.1,2684.1,1455.0,4235.1,210.01,903.25
2026-02-20 14:15:00+05:30,5385.5,1155.8,1368.0,1030.55,384.2,1341.5,1341.4,6290.0,1285.1,1435.9,911.8,727.65,1394.1,651.6,1352.8,421.6,874.1,4897.0,2220.8,2375.3,6644.5,5082.0,2080.3,1216.0,1724.6,2685.8,1455.3,4241.1,209.95,900.95
2026-02-20 15:15:00+05:30,5395.0,1157.1,1367.7,1025.0,384.0,1338.0,1338.9,6292.0,1277.8,1438.8,913.15,730.0,1394.0,651.35,1353.0,420.15,872.0,4874.0,2224.0,2365.0,6634.0,5104.0,2080.0,1216.2,1724.0,2685.0,1464.0,4245.0,210.03,902.0
2026-02-23 09:15:00+05:30,5415.5,1164.8,1400.4,1039.25,386.0,1330.7,1306.4,6316.5,1296.9,1430.9,922.05,740.8,1406.9,663.0,1333.5,427.5,883.8,4795.5,2245.3,2338.6,6608.0,5057.0,2124.0,1229.7,1724.5,2679.4,1441.8,4291.0,206.46,909.0
2026-02-23 10:15:00+05:30,5420.0,1166.7,1396.8,1038.35,386.25,1326.6,1297.1,6295.0,1294.0,1426.0,922.5,743.35,1401.7,665.3,1328.7,428.6,884.7,4808.5,2248.8,2314.3,6618.0,5045.0,2115.9,1227.8,1724.0,2675.6,1439.2,4282.7,205.4,903.35
2026-02-23 11:15:00+05:30,5445.0,1154.3,1382.4,1037.6,385.65,1320.7,1301.6,6301.0,1295.5,1433.9,921.8,743.2,1402.5,660.7,1326.0,430.4,882.6,4821.0,2237.0,2310.7,6645.0,5017.5,2110.9,1224.3,1724.2,2677.6,1450.0,4276.5,205.68,902.05
2026-02-23 12:15:00+05:30,5461.0,1147.6,1387.2,1037.3,387.25,1317.2,1292.0,6278.5,1292.4,1420.6,917.15,743.9,1398.0,660.55,1326.1,430.45,882.3,4817.0,2233.4,2301.4,6606.0,4975.5,2111.0,1222.7,1726.2,2675.3,1442.0,4277.0,205.33,901.8
2026-02-23 13:15:00+05:30,5490.0,1145.6,1383.2,1031.75,387.8,1326.1,1283.7,6266.5,1305.2,1422.3,919.7,742.6,1398.1,662.8,1327.5,429.4,882.0,4821.5,2236.4,2303.0,6638.0,4942.5,2114.8,1222.0,1730.8,2666.2,1441.9,4304.8,205.05,903.85
2026-02-23 14:15:00+05:30,5495.5,1150.8,1386.6,1030.0,387.8,1325.7,1288.9,6289.0,1305.1,1426.7,924.15,743.0,1399.3,664.6,1325.5,430.7,883.5,4831.0,2239.6,2312.0,6671.0,4976.5,2110.0,1227.5,1732.7,2676.2,1439.5,4300.0,205.85,908.15
2026-02-23 15:15:00+05:30,5487.0,1148.7,1385.9,1030.55,387.75,1327.0,1289.0,6253.5,1305.1,1425.0,924.1,743.0,1399.0,663.0,1328.0,430.8,883.05,4822.5,2247.0,2300.0,6659.5,4970.0,2108.0,1228.9,1732.0,2674.0,1437.2,4321.2,205.9,905.3
2026-02-24 09:15:00+05:30,5477.5,1158.4,1386.1,1016.2,387.65,1323.4,1218.0,6252.0,1310.0,1370.4,920.8,738.15,1394.6,664.0,1280.6,429.75,879.45,4730.0,2239.8,2243.0,6570.0,4737.0,2106.2,1226.6,1726.3,2590.5,1394.0,4331.1,201.57,905.3
2026-02-24 10:15:00+05:30,5470.0,1160.5,1392.7,1023.45,388.1,1324.7,1223.3,6281.0,1303.9,1363.2,920.0,739.1,1392.3,662.2,1282.1,430.7,882.6,4650.5,2252.3,2264.4,6538.5,4705.5,2095.7,1227.7,1734.9,2598.6,1379.0,4368.8,201.75,905.55
2026-02-24 11:15:00+05:30,5459.0,1161.4,1395.7,1021.0,387.55,1326.8,1205.1,6257.0,1306.9,1345.8,919.15,738.45,1393.0,662.2,1272.2,430.25,878.75,4548.0,2247.7,2233.9,6434.5,4606.5,2087.1,1222.9,1736.1,2578.2,1357.0,4394.9,200.08,905.95
2026-02-24 12:15:00+05:30,5466.0,1159.6,1390.3,1020.2,386.6,1330.4,1207.6,6242.5,1305.1,1330.7,915.35,738.1,1389.9,662.6,1270.8,428.9,877.3,4514.0,2247.0,2224.0,6429.5,4621.5,2087.6,1225.6,1741.6,2573.3,1344.1,4413.5,200.1,903.3
2026-02-24 13:15:00+05:30,5472.0,1165.4,1390.6,1022.15,389.4,1331.4,1208.1,6251.0,1304.6,1336.0,916.7,733.3,1391.4,663.15,1275.1,428.0,876.45,4504.0,2248.0,2222.9,6456.0,4644.5,2082.7,1224.5,1737.8,2585.4,1341.4,4404.0,200.53,903.35
2026-02-24 14:15:00+05:30,5494.5,1164.7,1387.0,1023.65,390.15,1325.2,1212.4,6251.5,1299.2,1339.6,910.6,734.0,1384.7,661.25,1277.4,428.0,880.8,4499.0,2251.2,2219.7,6457.0,4665.0,2081.1,1222.9,1730.4,2575.1,1347.6,4384.9,200.04,903.6
2026-02-24 15:15:00+05:30,5482.0,1163.0,1386.0,1023.5,391.5,1330.1,1221.5,6275.0,1300.0,1343.0,911.5,740.0,1385.5,661.35,1280.2,428.0,885.0,4521.0,2252.0,2225.0,6465.0,4679.0,2087.0,1227.0,1737.8,2581.0,1352.0,4418.8,200.49,907.0
2026-02-25 09:15:00+05:30,5500.5,1181.6,1392.6,1026.9,391.5,1334.0,1241.8,6304.5,1288.0,1384.6,912.7,738.0,1399.2,666.15,1319.6,427.5,891.5,4625.5,2261.0,2272.6,6565.5,4731.0,2097.5,1220.9,1752.8,2644.6,1378.2,4396.5,204.3,907.85
2026-02-25 10:15:00+05:30,5523.0,1190.8,1396.3,1028.05,391.75,1341.3,1237.8,6338.5,1307.0,1387.1,913.3,737.9,1394.9,663.7,1307.0,424.35,888.8,4598.0,2275.0,2263.0,6570.5,4735.5,2097.8,1213.0,1760.6,2648.4,1375.0,4411.9,204.42,910.85
2026-02-25 11:15:00+05:30,5537.0,1208.9,1399.2,1024.2,395.55,1342.1,1228.0,6376.0,1315.7,1383.9,909.8,737.85,1399.9,662.1,1308.0,424.25,884.05,4593.5,2285.0,2265.4,6580.0,4795.5,2093.9,1209.8,1765.0,2647.2,1372.2,4437.5,203.43,915.4
2026-02-25 12:15:00+05:30,5544.5,1202.5,1394.2,1014.65,395.9,1341.9,1215.1,6383.0,1313.7,1370.8,906.8,736.1,1400.5,661.55,1292.7,422.8,879.0,4527.5,2291.6,2257.2,6543.0,4771.0,2080.2,1204.8,1761.4,2617.1,1357.3,4434.2,202.22,915.9
2026-02-25 13:15:00+05:30,5578.0,1198.3,1398.3,1015.7,393.25,1340.4,1218.0,6383.5,1300.6,1373.7,904.9,734.1,1401.9,663.7,1294.3,423.7,874.75,4553.5,2289.8,2259.2,6539.0,4767.5,2076.0,1200.0,1759.0,2618.8,1361.5,4401.9,202.55,915.9
2026-02-25 14:15:00+05:30,5623.0,1215.6,1403.6,1022.3,395.75,1346.8,1212.4,6393.5,1307.0,1380.4,907.4,735.5,1399.5,669.0,1289.8,425.45,874.5,4562.5,2291.9,2256.7,6618.0,4730.0,2072.1,1199.5,1764.7,2628.0,1362.0,4422.3,201.89,920.15
2026-02-25 15:15:00+05:30,5646.0,1215.2,1402.5,1020.4,395.3,1345.0,1211.8,6387.5,1305.0,1375.9,907.4,737.0,1398.1,669.0,1289.9,423.65,875.95,4549.5,2293.0,2250.0,6631.0,4720.0,2075.0,1199.3,1763.3,2629.0,1356.0,4435.0,201.79,918.7
2026-02-26 09:15:00+05:30,5753.5,1242.0,1400.2,1022.35,399.45,1362.1,1228.0,6551.5,1322.0,1399.7,909.0,741.4,1401.6,677.0,1308.8,426.25,874.75,4611.5,2325.0,2292.6,6805.5,4883.0,2093.9,1197.7,1788.0,2661.0,1391.2,4456.6,202.95,944.8
2026-02-26 10:15:00+05:30,5689.0,1222.7,1397.2,1023.5,396.2,1349.3,1220.1,6425.0,1312.7,1386.1,905.45,741.2,1405.4,676.5,1299.1,424.95,869.55,4559.0,2319.4,2283.6,6816.5,4893.5,2091.7,1192.2,1780.0,2653.2,1378.2,4430.2,201.69,934.75
2026-02-26 11:15:00+05:30,5671.0,1232.3,1396.2,1023.6,390.5,1345.6,1208.9,6416.0,1311.0,1380.3,903.3,739.2,1406.1,673.55,1298.2,423.3,867.25,4526.0,2311.6,2261.0,6826.0,4823.5,2076.9,1190.8,1777.8,2651.8,1366.9,4427.7,200.05,931.4
2026-02-26 12:15:00+05:30,5687.5,1223.5,1395.5,1011.2,390.35,1351.6,1200.5,6405.0,1312.2,1372.3,900.0,736.35,1399.0,670.4,1288.3,424.65,866.0,4504.5,2312.3,2255.9,6832.0,4776.5,2074.2,1192.3,1775.4,2641.3,1362.8,4409.2,199.38,931.0
2026-02-26 13:15:00+05:30,5713.5,1225.4,1392.9,1009.85,391.75,1354.4,1203.8,6433.0,1318.5,1373.9,899.85,734.4,1403.8,671.55,1291.9,422.1,867.1,4517.5,2314.6,2262.7,6845.0,4781.0,2068.7,1200.0,1776.9,2646.3,1364.9,4394.2,200.2,935.5
2026-02-26 14:15:00+05:30,5754.5,1222.2,1395.0,1012.55,394.1,1356.9,1200.1,6473.0,1318.0,1373.3,899.5,734.25,1403.6,675.0,1288.2,424.5,870.65,4492.0,2319.9,2258.3,6850.5,4778.0,2081.6,1208.8,1780.4,2648.0,1360.7,4399.5,201.05,938.45
2026-02-26 15:15:00+05:30,5760.0,1221.7,1395.1,1014.15,394.7,1358.0,1199.0,6454.5,1316.0,1373.0,896.0,733.25,1401.6,674.0,1291.0,424.0,869.0,4510.0,2316.7,2270.0,6870.0,4769.0,2084.9,1210.5,1787.5,2649.0,1363.0,4400.0,201.0,938.2
2026-02-27 09:15:00+05:30,5697.0,1227.5,1387.6,1008.8,389.5,1343.8,1205.4,6453.0,1297.0,1387.7,893.05,725.85,1394.4,659.35,1303.1,419.8,857.5,4536.0,2305.0,2295.2,6850.0,4776.5,2052.0,1201.8,1772.1,2652.5,1369.2,4384.3,201.54,924.0
2026-02-27 10:15:00+05:30,5700.5,1229.1,1390.0,1011.8,391.15,1344.3,1205.0,6427.0,1293.5,1397.0,890.5,721.5,1389.4,660.45,1306.1,420.0,855.75,4528.0,2310.0,2307.9,6947.0,4798.0,2048.2,1203.4,1772.3,2645.0,1369.4,4383.3,201.76,926.85
2026-02-27 11:15:00+05:30,5672.5,1224.6,1385.9,1009.15,389.9,1344.3,1200.0,6418.0,1283.9,1390.0,890.3,717.15,1388.7,654.8,1305.6,418.5,853.2,4499.0,2300.8,2295.4,6950.0,4780.0,2039.7,1200.3,1762.1,2640.1,1365.5,4366.1,201.45,921.8
2026-02-27 12:15:00+05:30,5677.5,1232.8,1384.8,1002.25,392.3,1345.8,1196.1,6434.5,1287.5,1392.2,889.35,716.2,1383.8,652.35,1306.6,418.75,853.2,4511.5,2322.0,2293.6,6955.5,4763.5,2041.0,1206.1,1765.7,2642.0,1364.4,4356.0,201.59,924.15
2026-02-27 13:15:00+05:30,5660.0,1232.3,1390.0,1006.3,391.55,1347.4,1194.0,6453.0,1289.5,1391.2,890.2,716.05,1386.4,654.6,1307.7,417.8,853.95,4493.0,2322.0,2291.2,6968.5,4743.0,2045.5,1204.0,1761.4,2640.4,1362.0,4356.6,201.74,925.2
2026-02-27 14:15:00+05:30,5637.0,1219.9,1383.5,994.4,389.8,1347.7,1185.9,6403.0,1285.3,1390.7,887.9,715.3,1378.0,654.45,1300.6,414.7,849.15,4462.0,2305.5,2297.3,6942.0,4727.0,2038.0,1202.2,1733.5,2639.5,1359.2,4331.9,200.95,920.5
2026-02-27 15:15:00+05:30,5614.0,1220.0,1384.0,996.75,389.75,1346.0,1186.0,6395.5,1290.0,1382.0,887.45,716.75,1379.4,659.45,1298.9,416.05,846.0,4451.0,2295.6,2297.0,6897.0,4712.0,2038.5,1201.8,1742.9,2639.7,1354.3,4335.0,200.98,922.85
2026-03-02 09:15:00+05:30,5560.0,1217.8,1365.4,978.4,387.9,1330.9,1193.2,6323.5,1276.7,1383.5,883.2,714.8,1367.1,653.9,1296.0,412.2,835.25,4455.0,2275.0,2293.1,6949.0,4771.4,2010.1,1182.9,1728.2,2617.9,1359.6,4341.4,199.58,902.15
2026-03-02 10:15:00+05:30,5540.5,1203.6,1369.8,979.5,387.2,1340.2,1177.9,6342.0,1283.3,1377.2,882.65,711.95,1365.3,656.95,1291.8,409.4,840.15,4418.5,2289.5,2287.5,6903.0,4722.7,2021.7,1183.5,1731.0,2609.5,1353.9,4344.1,199.54,903.1
2026-03-02 11:15:00+05:30,5499.5,1203.4,1369.0,976.25,385.85,1339.3,1165.1,6380.0,1277.5,1367.7,877.85,708.65,1365.5,655.2,1277.3,410.45,837.8,4373.7,2289.9,2268.0,6815.5,4690.6,2005.0,1182.6,1747.8,2605.4,1336.2,4341.2,197.93,901.4
2026-03-02 12:15:00+05:30,5490.0,1204.9,1363.7,972.7,385.6,1338.2,1161.2,6342.0,1278.0,1361.4,877.25,704.95,1367.2,652.0,1276.8,409.85,836.0,4373.6,2285.0,2257.5,6819.0,4667.6,1999.8,1182.4,1747.5,2600.8,1333.3,4341.5,197.3,899.6
2026-03-02 13:15:00+05:30,5543.0,1206.4,1363.2,977.3,388.1,1347.3,1166.8,6384.5,1284.8,1369.0,877.4,707.85,1369.1,653.7,1284.7,411.3,837.05,4416.2,2303.9,2260.2,6852.0,4679.9,2015.7,1192.6,1748.6,2613.4,1345.3,4378.9,198.29,905.75
2026-03-02 14:15:00+05:30,5561.5,1209.9,1374.3,979.4,387.7,1353.2,1163.6,6402.0,1293.8,1373.9,880.7,707.65,1376.9,653.9,1289.8,413.7,841.65,4402.3,2310.0,2255.0,6845.0,4677.5,2036.5,1190.4,1752.9,2615.9,1348.2,4368.6,198.81,906.9
2026-03-02 15:15:00+05:30,5582.5,1212.0,1367.2,975.0,389.7,1351.0,1166.9,6400.0,1288.1,1370.8,882.1,707.75,1374.8,654.3,1288.9,411.2,840.0,4411.4,2317.0,2268.0,6860.0,4679.0,2031.4,1189.5,1753.2,2611.7,1344.5,4365.0,198.75,905.4
2026-03-04 09:15:00+05:30,5462.5,1184.2,1337.4,947.45,380.0,1331.2,1167.5,6259.0,1281.7,1372.4,871.3,701.45,1350.4,633.1,1308.0,407.9,822.7,4416.8,2274.1,2271.1,6841.0,4713.0,1972.0,1166.2,1735.0,2602.0,1355.2,4298.3,196.65,897.05
2026-03-04 10:15:00+05:30,5468.0,1183.3,1332.4,953.85,377.6,1330.4,1155.6,6300.0,1288.1,1368.8,872.05,691.15,1352.2,628.2,1308.5,406.45,828.3,4392.9,2278.3,2268.9,6845.0,4704.0,1954.1,1166.8,1741.4,2598.1,1350.1,4293.0,196.05,891.95
2026-03-04 11:15:00+05:30,5460.0,1185.0,1333.9,949.2,377.65,1323.7,1155.8,6290.5,1283.5,1365.6,872.6,689.3,1349.9,624.45,1302.3,407.1,826.35,4352.5,2273.5,2271.0,6815.0,4707.6,1938.4,1158.5,1745.2,2595.3,1343.4,4308.0,195.64,891.0
2026-03-04 12:15:00+05:30,5479.5,1195.4,1336.5,954.05,378.4,1322.4,1160.0,6287.0,1287.6,1371.1,878.65,688.0,1356.4,627.15,1304.7,407.55,827.45,4364.1,2285.0,2280.7,6861.0,4733.0,1938.6,1163.9,1745.3,2594.0,1346.8,4310.0,195.59,891.8
2026-03-04 13:15:00+05:30,5499.0,1197.6,1349.1,954.2,379.3,1324.9,1169.5,6301.0,1290.7,1373.2,873.35,689.95,1370.0,629.15,1303.6,406.95,827.75,4379.0,2296.4,2284.6,6882.0,4743.4,1949.2,1177.1,1745.2,2593.5,1357.0,4344.5,195.97,896.25
2026-03-04 14:15:00+05:30,5464.0,1194.3,1350.3,943.95,378.15,1311.7,1171.5,6300.5,1289.4,1362.4,868.85,684.45,1363.2,625.35,1307.2,402.95,828.05,4349.5,2304.1,2270.2,6827.0,4710.0,1928.9,1174.6,1751.2,2586.3,1350.6,4334.6,195.68,896.75
2026-03-04 15:15:00+05:30,5460.0,1195.0,1350.6,945.0,377.95,1313.0,1169.1,6281.5,1291.3,1364.0,869.0,683.0,1368.5,628.5,1306.1,403.7,828.9,4340.3,2307.0,2263.0,6827.0,4700.0,1931.0,1173.3,1750.0,2583.0,1347.4,4337.1,195.11,896.8
2026-03-05 09:15:00+05:30,5506.5,1214.2,1347.7,957.1,382.85,1320.3,1165.9,6327.5,1306.2,1347.0,869.65,676.0,1357.7,626.5,1297.1,406.8,827.3,4290.1,2344.7,2244.2,6828.0,4655.1,1924.1,1174.8,1779.4,2559.4,1337.3,4366.1,193.82,909.1
2026-03-05 10:15:00+05:30,5478.5,1209.7,1348.3,958.2,382.25,1321.0,1158.9,6352.0,1309.5,1335.3,875.0,678.1,1368.6,626.35,1293.5,407.35,823.7,4272.8,2341.7,2233.7,6757.5,4625.7,1931.0,1166.5,1773.9,2552.6,1329.0,4361.6,194.01,908.1
2026-03-05 11:15:00+05:30,5487.5,1209.7,1347.2,955.5,383.05,1319.9,1148.3,6315.0,1310.0,1340.9,871.0,672.4,1356.9,620.65,1298.4,407.45,826.05,4288.0,2323.2,2237.2,6824.0,4642.4,1937.8,1159.4,1784.5,2560.9,1335.5,4369.0,194.6,907.35
2026-03-05 12:15:00+05:30,5480.5,1217.1,1347.3,958.0,382.45,1324.0,1143.1,6308.0,1312.9,1342.2,873.95,675.05,1355.4,622.5,1300.7,408.3,828.95,4278.1,2326.0,2223.1,6820.0,4648.5,1928.0,1159.2,1784.6,2563.6,1330.8,4362.9,194.48,909.55
2026-03-05 13:15:00+05:30,5500.5,1217.5,1337.8,947.2,382.45,1318.2,1139.3,6320.0,1310.5,1341.5,872.4,673.0,1348.9,618.75,1297.7,406.2,824.2,4270.9,2319.8,2199.9,6786.0,4591.8,1901.5,1151.9,1779.3,2554.3,1320.1,4350.0,193.73,910.95
2026-03-05 14:15:00+05:30,5534.5,1222.3,1344.5,960.0,385.85,1323.6,1150.2,6352.0,1312.4,1351.8,876.4,681.9,1354.2,626.45,1303.9,406.65,831.5,4300.4,2330.8,2230.4,6769.5,4636.1,1941.5,1165.8,1783.4,2573.0,1330.6,4350.0,195.41,914.05
2026-03-05 15:15:00+05:30,5541.5,1224.0,1349.4,963.0,389.0,1327.5,1153.0,6350.0,1309.0,1355.7,875.1,686.2,1353.3,625.05,1305.3,406.35,832.95,4309.0,2337.6,2230.9,6781.0,4636.0,1949.0,1168.5,1783.7,2575.0,1332.5,4357.9,195.8,913.65
2026-03-06 09:15:00+05:30,5539.0,1221.6,1321.4,955.55,389.45,1328.4,1165.0,6418.5,1302.8,1369.0,866.85,674.3,1329.0,619.1,1319.0,405.25,832.3,4333.7,2342.4,2257.8,6862.0,4754.1,1941.8,1154.2,1786.8,2604.5,1346.8,4331.0,198.53,912.05
2026-03-06 10:15:00+05:30,5497.0,1216.8,1321.4,951.05,389.55,1324.2,1154.5,6395.5,1296.5,1366.4,865.3,671.15,1327.4,617.75,1316.4,405.35,828.5,4322.3,2331.4,2251.0,6740.5,4777.3,1941.8,1150.4,1783.0,2592.7,1342.0,4299.9,196.92,907.8
2026-03-06 11:15:00+05:30,5539.5,1224.7,1326.8,955.5,392.3,1328.3,1151.8,6411.0,1305.2,1366.0,861.0,670.5,1325.0,620.25,1313.0,404.45,828.1,4333.5,2350.5,2224.3,6734.0,4771.2,1943.1,1152.7,1804.1,2580.9,1337.1,4336.0,196.69,915.0
2026-03-06 12:15:00+05:30,5524.0,1230.6,1326.9,953.45,393.8,1328.5,1150.8,6385.5,1309.0,1361.8,861.35,671.0,1322.7,615.65,1308.0,402.55,828.0,4298.0,2351.6,2213.2,6695.0,4775.2,1953.0,1152.3,1803.6,2569.7,1330.6,4338.2,195.94,917.2
2026-03-06 13:15:00+05:30,5555.5,1233.1,1326.0,956.4,392.95,1326.5,1153.0,6379.0,1311.7,1365.1,861.3,671.0,1318.3,615.15,1310.1,402.15,829.5,4303.6,2348.5,2215.5,6739.5,4781.7,1956.4,1153.3,1803.1,2564.0,1332.5,4322.3,196.29,915.05
2026-03-06 14:15:00+05:30,5535.5,1231.2,1316.2,949.2,391.5,1321.1,1164.2,6330.5,1304.7,1356.9,855.8,668.3,1312.0,614.3,1309.9,399.35,822.9,4291.0,2345.7,2215.1,6723.5,4786.1,1935.2,1142.5,1802.0,2559.5,1332.0,4313.4,195.43,914.65
2026-03-06 15:15:00+05:30,5525.0,1232.0,1314.9,951.7,390.25,1323.8,1165.0,6325.0,1309.0,1358.0,857.2,669.0,1315.1,614.85,1311.0,401.3,821.2,4298.0,2330.0,2224.9,6725.0,4785.0,1946.0,1139.8,1793.5,2560.0,1335.6,4325.9,196.0,910.55
2026-03-09 09:15:00+05:30,5461.0,1216.3,1272.6,925.45,382.8,1300.3,1148.5,6244.0,1287.0,1346.9,830.75,655.7,1271.9,597.8,1292.2,390.0,799.45,4270.0,2303.3,2181.7,6649.0,4759.1,1904.0,1073.4,1776.5,2512.3,1319.6,4289.1,194.7,893.2
2026-03-09 10:15:00+05:30,5451.5,1221.8,1270.5,924.7,381.0,1305.3,1156.4,6263.0,1284.0,1368.5,835.65,654.05,1271.4,594.95,1296.6,391.05,799.8,4323.5,2297.8,2192.9,6680.0,4806.0,1905.2,1077.5,1788.4,2546.1,1327.4,4278.5,196.27,890.85
2026-03-09 11:15:00+05:30,5445.0,1224.9,1277.0,924.35,384.3,1313.4,1162.6,6304.0,1289.5,1357.2,835.8,656.2,1270.5,603.5,1296.5,389.25,800.9,4325.8,2311.9,2188.1,6660.5,4791.6,1905.2,1082.7,1791.2,2538.5,1325.1,4317.5,196.63,893.75
2026-03-09 12:15:00+05:30,5467.5,1241.0,1280.3,926.85,386.5,1320.3,1159.4,6313.5,1290.0,1353.0,837.05,656.1,1277.3,602.15,1300.9,387.9,801.75,4291.4,2300.0,2183.2,6639.5,4755.4,1911.0,1081.5,1804.1,2519.4,1323.8,4344.9,196.61,903.95
2026-03-09 13:15:00+05:30,5471.5,1246.9,1282.3,927.5,386.15,1322.6,1163.4,6311.5,1284.8,1352.8,835.35,654.85,1277.4,601.6,1304.6,386.5,796.95,4294.6,2295.5,2178.0,6650.5,4759.9,1909.4,1086.4,1810.2,2512.3,1322.4,4342.8,196.28,903.95
2026-03-09 14:15:00+05:30,5462.5,1248.4,1289.2,938.1,389.65,1324.1,1169.5,6316.5,1287.7,1357.6,842.2,654.1,1278.5,600.6,1315.8,386.75,806.45,4318.7,2305.3,2191.0,6724.0,4783.3,1913.5,1100.8,1810.7,2528.0,1338.2,4382.0,198.96,909.3
2026-03-09 15:15:00+05:30,5471.0,1248.0,1287.0,938.4,390.15,1325.0,1167.9,6333.5,1284.1,1362.4,839.1,653.75,1275.0,604.0,1316.0,386.05,807.7,4301.0,2300.0,2176.2,6722.5,4782.0,1915.0,1101.6,1805.0,2527.8,1333.1,4377.9,198.6,908.05
2026-03-10 09:15:00+05:30,5571.5,1252.5,1301.9,936.9,397.0,1322.5,1155.6,6435.5,1317.6,1353.0,848.05,657.0,1297.4,606.15,1298.4,391.4,809.65,4292.7,2341.1,2198.6,6768.0,4787.0,1932.2,1110.3,1817.7,2515.3,1326.7,4424.5,198.24,917.55
2026-03-10 10:15:00+05:30,5620.0,1267.7,1309.8,944.75,396.9,1326.2,1158.3,6446.5,1317.1,1352.9,852.75,656.25,1307.1,605.0,1297.1,391.1,814.45,4306.6,2338.3,2198.0,6779.0,4800.2,1941.3,1109.6,1813.5,2515.1,1324.9,4428.9,199.1,916.2
2026-03-10 11:15:00+05:30,5611.5,1269.0,1311.0,944.05,394.45,1331.9,1140.7,6435.0,1319.3,1354.3,850.05,656.95,1305.9,604.6,1290.7,391.2,815.5,4295.0,2338.2,2206.2,6754.5,4755.6,1957.7,1108.2,1811.1,2499.6,1323.0,4439.3,198.44,918.85
2026-03-10 12:15:00+05:30,5601.0,1276.8,1312.8,945.0,395.6,1337.7,1141.9,6415.0,1322.0,1355.7,847.95,659.3,1303.3,605.4,1288.8,391.9,817.8,4290.5,2335.7,2212.0,6795.5,4777.0,1967.6,1115.3,1814.2,2494.9,1324.9,4464.9,198.9,921.35
2026-03-10 13:15:00+05:30,5624.0,1282.4,1316.7,945.75,395.0,1332.1,1141.3,6398.0,1315.0,1357.4,851.35,658.65,1309.8,602.75,1293.4,393.9,822.15,4308.0,2334.6,2181.6,6803.0,4786.6,1970.9,1117.9,1809.7,2500.1,1330.0,4448.4,199.25,920.4
2026-03-10 14:15:00+05:30,5603.0,1284.9,1315.0,939.5,394.95,1332.9,1140.2,6362.5,1314.1,1360.8,849.7,656.0,1311.9,601.6,1295.2,392.0,820.15,4312.7,2332.8,2192.9,6815.0,4819.5,1964.2,1111.4,1813.5,2511.0,1335.8,4417.9,200.98,919.75
2026-03-10 15:15:00+05:30,5601.0,1283.1,1318.1,941.95,395.2,1335.1,1141.4,6379.0,1311.1,1362.5,849.0,658.1,1312.8,601.0,1296.5,391.25,823.85,4343.0,2345.0,2211.8,6825.0,4841.4,1963.0,1114.0,1812.0,2517.4,1339.0,4427.1,200.99,925.85
2026-03-11 09:15:00+05:30,5543.5,1307.9,1295.1,927.5,397.9,1330.0,1126.2,6380.0,1325.5,1349.7,840.9,650.8,1297.2,600.35,1283.2,388.45,818.85,4301.4,2366.1,2205.1,6806.0,4808.0,1940.1,1106.5,1824.9,2484.6,1338.9,4425.9,202.94,930.7
2026-03-11 10:15:00+05:30,5604.0,1313.0,1285.7,918.6,401.1,1332.4,1123.4,6417.5,1334.3,1359.0,835.7,651.8,1297.7,602.9,1285.2,387.5,815.8,4302.9,2364.1,2190.4,6769.0,4803.9,1947.5,1107.6,1836.7,2487.0,1342.8,4421.5,202.49,933.55
2026-03-11 11:15:00+05:30,5592.5,1314.1,1274.5,903.3,401.7,1330.8,1125.3,6430.0,1331.2,1363.0,833.0,650.75,1295.1,600.75,1283.8,385.7,811.15,4304.8,2364.4,2195.6,6779.5,4795.4,1941.9,1103.4,1834.1,2486.4,1348.8,4431.6,203.5,928.4
2026-03-11 12:15:00+05:30,5598.0,1310.5,1267.0,902.6,400.9,1331.6,1119.1,6431.5,1322.5,1356.8,828.75,648.5,1298.1,599.35,1279.9,384.25,809.65,4300.9,2353.9,2192.1,6767.5,4776.0,1928.3,1098.6,1827.8,2478.0,1345.0,4422.2,203.51,926.3
2026-03-11 13:15:00+05:30,5601.5,1310.3,1266.9,901.4,400.65,1333.7,1115.9,6419.5,1325.3,1355.5,832.7,649.75,1298.8,600.9,1280.0,385.15,808.65,4272.1,2358.6,2184.3,6822.5,4770.0,1941.6,1095.6,1828.2,2474.8,1342.2,4446.5,202.12,927.6
2026-03-11 14:15:00+05:30,5536.5,1305.0,1254.2,894.25,394.65,1328.4,1105.3,6346.5,1325.5,1348.9,834.85,647.4,1295.3,596.4,1277.1,385.6,801.5,4257.0,2339.9,2183.2,6779.0,4734.0,1937.8,1089.7,1825.8,2463.0,1331.9,4428.4,202.08,920.0
2026-03-11 15:15:00+05:30,5530.0,1302.9,1254.0,893.95,394.55,1327.4,1111.0,6330.0,1322.4,1350.6,834.4,647.0,1292.0,594.2,1275.8,380.8,802.5,4274.0,2337.0,2181.8,6798.0,4747.9,1935.0,1090.8,1824.0,2463.0,1334.2,4432.7,201.8,918.0
2026-03-12 09:15:00+05:30,5467.5,1290.7,1245.6,872.8,390.35,1327.3,1084.2,6234.0,1310.3,1349.3,831.5,637.45,1272.1,586.25,1261.4,377.6,793.65,4242.0,2317.1,2163.0,6675.5,4644.6,1908.6,1073.3,1816.6,2442.8,1332.6,4400.5,200.61,911.95
2026-03-12 10:15:00+05:30,5489.5,1312.9,1241.5,879.45,393.9,1334.0,1109.2,6285.0,1321.4,1361.3,833.1,642.5,1278.6,593.0,1273.3,379.4,801.1,4290.5,2334.5,2179.0,6731.5,4664.3,1922.1,1079.2,1825.5,2459.8,1344.8,4419.6,202.65,925.6
2026-03-12 11:15:00+05:30,5468.0,1313.9,1241.6,878.55,395.55,1328.6,1111.1,6300.0,1318.7,1360.1,834.85,645.05,1274.0,594.95,1274.3,377.65,802.6,4292.4,2343.6,2190.4,6742.0,4681.6,1922.8,1075.7,1827.7,2466.6,1347.1,4412.7,202.43,920.75
2026-03-12 12:15:00+05:30,5436.5,1311.9,1238.8,875.0,394.6,1328.2,1121.8,6279.0,1327.8,1357.0,833.6,644.35,1275.3,594.05,1271.6,376.3,802.55,4333.2,2340.4,2190.3,6728.0,4695.9,1931.9,1075.0,1830.7,2449.4,1349.8,4440.0,202.6,919.25
2026-03-12 13:15:00+05:30,5406.0,1314.6,1245.2,873.55,395.5,1325.7,1114.5,6310.5,1324.6,1358.1,833.8,645.85,1272.0,594.3,1271.7,377.65,802.05,4338.9,2351.0,2203.2,6723.0,4726.7,1943.3,1089.9,1830.4,2455.7,1351.5,4451.0,202.57,919.95
2026-03-12 14:15:00+05:30,5447.0,1312.5,1232.4,862.55,393.55,1325.1,1107.3,6286.5,1320.2,1358.6,831.55,645.6,1263.9,593.25,1265.7,375.5,796.7,4319.2,2359.6,2184.5,6690.0,4715.0,1942.5,1085.1,1825.6,2443.4,1349.6,4447.1,202.59,916.85
2026-03-12 15:15:00+05:30,5451.0,1310.2,1234.9,862.95,391.4,1327.8,1109.0,6285.5,1319.0,1357.0,833.3,645.0,1269.9,594.0,1265.9,375.0,797.5,4317.0,2358.5,2184.4,6698.0,4730.0,1940.9,1085.0,1827.0,2447.0,1354.3,4431.1,201.96,915.65
2026-03-13 09:15:00+05:30,5418.5,1299.9,1215.0,860.2,388.1,1310.3,1082.4,6169.0,1296.5,1343.3,813.1,637.2,1252.4,584.55,1256.3,369.85,786.55,4227.2,2334.6,2125.5,6598.0,4613.0,1914.7,1067.1,1813.8,2420.7,1325.6,4410.1,200.7,907.05
2026-03-13 10:15:00+05:30,5433.5,1306.4,1209.2,861.8,384.05,1317.2,1084.3,6149.0,1296.0,1348.1,817.45,635.15,1251.7,586.35,1261.2,368.3,786.15,4267.9,2337.8,2133.6,6607.5,4619.3,1914.0,1058.0,1818.6,2423.6,1333.9,4387.8,199.97,905.2
2026-03-13 11:15:00+05:30,5428.5,1306.8,1202.8,860.1,387.5,1311.3,1085.7,6147.0,1299.4,1348.3,819.15,632.55,1255.6,584.6,1263.0,367.4,782.25,4259.7,2331.5,2134.6,6604.5,4633.9,1917.1,1064.5,1814.9,2420.0,1327.9,4398.9,199.08,907.0
2026-03-13 12:15:00+05:30,5375.0,1298.2,1199.2,851.55,386.75,1302.0,1078.2,6104.5,1283.1,1332.8,818.2,627.75,1251.7,583.0,1253.4,366.5,777.1,4220.0,2317.0,2110.5,6566.5,4593.2,1910.8,1058.1,1801.3,2404.3,1321.8,4370.4,197.39,904.2
2026-03-13 13:15:00+05:30,5386.0,1303.8,1200.0,856.0,388.35,1315.7,1078.8,6110.5,1292.6,1328.2,817.7,628.2,1257.2,583.05,1252.2,366.25,776.45,4216.1,2324.2,2116.3,6553.5,4640.0,1913.2,1058.6,1807.9,2410.5,1328.7,4384.6,197.0,907.9
2026-03-13 14:15:00+05:30,5344.0,1297.6,1197.0,855.05,382.7,1313.8,1089.5,6085.0,1293.1,1323.6,817.75,625.5,1254.8,583.35,1248.0,366.65,773.0,4209.9,2317.2,2115.7,6527.0,4634.7,1905.5,1046.6,1802.4,2410.1,1333.6,4394.0,197.45,906.2
2026-03-13 15:15:00+05:30,5384.0,1299.3,1199.1,856.5,383.4,1315.1,1092.0,6070.0,1290.0,1329.1,816.7,624.6,1255.0,584.65,1250.4,367.1,773.4,4200.0,2301.1,2105.1,6528.0,4638.8,1908.8,1046.0,1802.0,2412.0,1332.0,4410.0,197.75,903.95
2026-03-16 09:15:00+05:30,5274.5,1278.5,1189.9,866.7,381.9,1310.5,1092.6,6047.5,1283.5,1326.6,824.75,622.15,1247.5,584.25,1238.1,368.4,769.45,4217.4,2282.8,2105.8,6475.0,4626.7,1894.6,1055.0,1795.0,2391.8,1336.8,4373.5,196.48,894.6
2026-03-16 10:15:00+05:30,5265.0,1281.4,1188.4,860.15,372.9,1303.6,1086.5,5959.5,1274.6,1314.7,827.7,621.8,1247.6,583.55,1229.9,366.75,764.35,4184.6,2271.9,2087.4,6408.0,4619.6,1891.0,1043.6,1782.8,2375.4,1324.1,4282.0,194.06,886.7
2026-03-16 11:15:00+05:30,5267.5,1280.5,1202.4,865.65,370.6,1303.7,1079.2,5965.0,1271.3,1313.3,831.45,626.85,1249.2,584.25,1227.5,366.55,768.45,4215.0,2283.8,2075.1,6365.0,4586.8,1898.5,1046.7,1774.9,2373.5,1330.8,4283.2,193.93,886.0
2026-03-16 12:15:00+05:30,5276.5,1274.6,1197.6,864.95,369.35,1294.7,1072.7,5980.0,1268.2,1306.7,831.0,626.15,1253.3,579.85,1230.4,364.95,771.2,4171.0,2288.9,2068.8,6346.5,4563.1,1886.2,1044.7,1771.0,2375.6,1330.8,4253.7,193.24,877.9
2026-03-16 13:15:00+05:30,5316.5,1268.0,1201.4,869.2,371.65,1293.2,1071.6,5991.0,1273.5,1313.0,830.8,625.2,1258.5,578.9,1234.4,366.0,772.9,4165.9,2283.0,2064.1,6338.5,4607.0,1888.9,1046.1,1770.9,2385.6,1325.9,4247.9,193.04,883.6
2026-03-16 14:15:00+05:30,5318.5,1281.3,1216.4,879.35,377.9,1298.1,1081.5,6071.0,1275.7,1329.6,842.9,625.55,1274.8,583.75,1252.1,370.05,778.05,4215.3,2290.0,2083.6,6420.0,4634.5,1909.7,1069.0,1782.5,2411.3,1341.0,4271.1,195.2,887.15
2026-03-16 15:15:00+05:30,5290.0,1271.5,1214.0,873.8,376.75,1299.1,1077.2,6066.5,1273.0,1328.3,838.8,624.0,1267.6,584.15,1245.5,369.4,777.0,4187.1,2288.8,2082.7,6382.0,4848.9,1901.2,1063.9,1776.0,2401.0,1340.9,4258.9,194.05,885.45
2026-03-17 09:15:00+05:30,5303.5,1294.0,1217.9,876.9,380.95,1296.4,1042.0,6116.0,1279.9,1317.0,845.25,628.4,1286.1,592.8,1230.3,372.3,779.15,4179.0,2304.1,2061.3,6303.0,4540.7,1928.2,1056.9,1792.3,2381.0,1335.3,4284.1,191.0,898.55
2026-03-17 10:15:00+05:30,5322.0,1286.2,1221.7,869.25,379.9,1288.2,1059.5,6111.0,1279.7,1321.6,840.15,631.05,1280.1,597.75,1236.1,372.1,779.8,4209.7,2297.5,2081.9,6344.0,4534.0,1918.9,1050.0,1791.0,2391.4,1349.3,4278.4,190.68,898.0
2026-03-17 11:15:00+05:30,5320.0,1285.2,1223.3,864.35,379.75,1279.0,1059.2,6072.0,1268.4,1322.7,840.6,633.95,1280.3,599.55,1234.2,371.0,780.65,4201.9,2294.4,2084.0,6318.0,4506.7,1917.8,1053.8,1784.0,2385.9,1350.5,4284.0,190.47,893.1
2026-03-17 12:15:00+05:30,5321.5,1288.3,1230.5,866.1,378.3,1285.0,1074.9,6098.5,1279.2,1325.1,845.15,640.6,1283.1,600.3,1234.0,373.5,778.05,4218.3,2296.5,2094.9,6356.0,4536.0,1922.5,1057.5,1803.5,2398.0,1353.5,4316.1,191.06,893.0
2026-03-17 13:15:00+05:30,5335.0,1292.7,1225.9,867.75,377.9,1284.5,1069.4,6096.0,1284.0,1322.7,845.65,641.85,1292.0,595.1,1233.8,372.8,778.8,4200.1,2300.0,2082.6,6348.0,4525.0,1933.6,1063.8,1805.4,2402.8,1351.2,4341.6,191.7,894.65
2026-03-17 14:15:00+05:30,5338.5,1286.5,1231.9,867.95,377.95,1283.2,1075.1,6090.0,1284.7,1321.1,847.05,642.9,1292.3,592.9,1237.1,374.3,778.6,4187.9,2301.2,2075.4,6318.5,4534.3,1935.2,1064.0,1794.1,2390.8,1344.0,4308.3,191.49,891.95
2026-03-17 15:15:00+05:30,5350.0,1289.8,1228.0,869.0,377.2,1280.4,1080.0,6090.0,1281.9,1320.8,842.8,642.9,1287.0,592.7,1234.0,374.0,778.4,4201.6,2299.9,2072.0,6299.0,4530.0,1928.0,1063.2,1794.5,2394.0,1339.7,4302.9,191.1,890.5
2026-03-18 09:15:00+05:30,5385.0,1270.0,1242.5,860.9,383.1,1278.7,1124.6,6111.5,1292.5,1366.6,833.2,640.45,1272.2,592.35,1274.6,372.2,783.1,4330.9,2301.5,2152.7,6611.0,4738.0,1944.4,1063.6,1795.5,2466.5,1384.5,4285.9,196.46,903.2
2026-03-18 10:15:00+05:30,5380.0,1271.4,1247.4,862.7,384.95,1278.5,1137.4,6166.0,1298.4,1373.8,838.15,643.1,1289.1,592.1,1282.1,373.25,785.0,4347.1,2307.2,2168.8,6637.5,4753.8,1957.1,1063.1,1798.1,2477.2,1395.2,4260.9,197.09,904.35
2026-03-18 11:15:00+05:30,5377.5,1271.7,1250.8,868.2,383.8,1270.1,1137.7,6155.0,1294.0,1369.2,840.65,645.05,1290.8,587.8,1281.0,372.45,785.0,4337.1,2304.0,2157.7,6610.0,4716.8,1960.7,1066.8,1793.1,2467.8,1393.8,4266.9,196.74,900.4
2026-03-18 12:15:00+05:30,5375.0,1272.6,1254.7,872.1,384.45,1273.0,1139.2,6166.0,1294.5,1371.3,841.2,645.7,1291.9,590.65,1282.5,373.15,787.25,4338.3,2308.8,2156.6,6610.0,4745.0,1966.9,1064.1,1792.5,2462.2,1397.2,4276.6,196.74,901.65
2026-03-18 13:15:00+05:30,5361.0,1269.2,1254.4,874.05,383.9,1271.9,1140.0,6163.0,1296.6,1364.2,844.3,645.0,1294.2,589.85,1277.2,375.45,787.45,4314.6,2311.5,2152.9,6602.0,4732.0,1968.2,1069.0,1783.7,2455.0,1397.3,4267.4,195.65,901.4
2026-03-18 14:15:00+05:30,5357.0,1269.5,1254.0,880.35,382.7,1269.7,1133.5,6147.5,1297.3,1359.0,843.8,643.35,1289.0,588.8,1267.3,375.4,786.2,4308.6,2303.5,2127.8,6606.0,4705.4,1965.3,1070.2,1778.2,2440.8,1384.8,4296.1,194.39,900.55
2026-03-18 15:15:00+05:30,5360.5,1268.0,1250.9,882.95,382.35,1266.7,1129.0,6124.0,1286.9,1358.0,842.0,642.35,1292.0,586.25,1266.7,375.15,786.0,4295.6,2306.4,2128.7,6600.0,4689.0,1961.7,1069.0,1781.5,2439.0,1382.7,4294.9,194.22,895.0
2026-03-19 09:15:00+05:30,5271.0,1257.6,1212.1,847.5,374.5,1259.0,1112.0,6085.0,1276.3,1336.8,799.7,631.25,1261.0,571.3,1237.5,364.4,772.4,4267.4,2283.0,2070.9,6408.0,4633.7,1934.0,1052.0,1769.5,2394.7,1359.7,4248.3,190.16,883.85
2026-03-19 10:15:00+05:30,5238.5,1259.0,1215.0,844.1,372.35,1252.9,1100.9,6062.5,1269.2,1326.9,803.65,632.65,1263.4,567.45,1231.1,367.4,772.6,4248.3,2273.4,2066.9,6411.5,4591.4,1927.1,1047.7,1759.7,2381.0,1347.7,4237.8,189.92,883.1
2026-03-19 11:15:00+05:30,5246.5,1256.5,1224.7,844.95,373.5,1249.0,1101.0,6039.5,1275.7,1329.4,813.35,637.3,1268.2,567.65,1234.8,369.3,773.5,4255.8,2265.0,2067.5,6419.5,4600.0,1925.9,1052.0,1763.4,2381.9,1355.7,4235.8,189.36,884.95
2026-03-19 12:15:00+05:30,5250.0,1254.2,1221.4,839.5,370.25,1244.1,1094.3,6027.0,1269.3,1324.0,811.85,637.75,1266.9,566.85,1229.7,368.5,770.1,4225.0,2266.5,2050.9,6409.0,4610.0,1923.6,1048.0,1760.4,2371.4,1352.9,4229.9,188.88,882.7
2026-03-19 13:15:00+05:30,5241.0,1244.7,1210.8,834.3,367.2,1240.3,1090.9,5990.5,1272.1,1322.8,807.7,633.85,1261.5,566.5,1226.0,368.6,767.0,4207.0,2254.3,2051.1,6395.5,4606.3,1907.3,1046.8,1757.3,2365.5,1344.7,4217.4,188.52,880.55
2026-03-19 14:15:00+05:30,5224.0,1247.8,1203.9,832.15,366.9,1238.6,1091.4,5976.5,1273.5,1310.4,796.75,632.8,1250.1,562.35,1219.9,367.55,766.15,4188.0,2249.7,2044.2,6360.0,4604.1,1902.4,1048.5,1739.7,2353.1,1332.3,4210.0,188.44,875.0
2026-03-19 15:15:00+05:30,5257.0,1253.0,1209.1,836.7,369.0,1245.0,1096.9,5998.0,1280.0,1318.0,800.0,633.45,1259.7,565.8,1226.0,370.0,766.0,4200.0,2262.0,2060.9,6386.0,4625.0,1905.0,1052.6,1749.7,2362.8,1350.0,4218.5,188.87,878.95
2026-03-20 09:15:00+05:30,5226.5,1270.5,1219.3,822.8,375.6,1256.0,1099.4,6057.0,1298.0,1346.4,783.9,628.85,1267.6,561.4,1248.0,369.15,773.35,4095.2,2288.0,2079.9,6584.5,4697.1,1892.4,1076.9,1761.4,2376.5,1382.3,4223.0,190.56,885.9
2026-03-20 10:15:00+05:30,5258.0,1277.7,1217.4,820.4,378.45,1261.8,1103.3,6112.5,1294.6,1349.0,781.15,629.35,1273.3,559.6,1247.5,371.2,772.05,4156.7,2301.7,2087.5,6642.0,4729.1,1903.6,1074.0,1766.7,2379.1,1387.8,4239.5,190.54,888.5
2026-03-20 11:15:00+05:30,5250.0,1283.0,1212.7,824.05,377.05,1259.2,1097.6,6116.5,1295.9,1345.5,781.65,629.0,1261.9,559.4,1240.1,369.95,772.75,4168.7,2311.9,2080.0,6594.0,4711.7,1901.7,1067.9,1772.3,2375.7,1389.7,4252.0,190.0,888.9
2026-03-20 12:15:00+05:30,5256.5,1287.5,1210.0,829.5,377.9,1257.4,1091.3,6170.0,1298.5,1340.5,785.1,626.15,1263.1,557.2,1238.7,368.7,776.2,4179.7,2319.0,2082.6,6588.5,4708.4,1902.2,1065.0,1777.1,2370.0,1387.9,4290.0,189.59,893.6
2026-03-20 13:15:00+05:30,5260.5,1292.3,1206.0,827.5,379.9,1255.2,1091.6,6136.5,1302.6,1345.7,783.2,625.25,1262.7,554.1,1237.0,368.6,775.0,4199.5,2327.5,2095.9,6583.5,4732.1,1902.7,1064.7,1771.7,2377.5,1385.1,4273.5,189.49,891.35
2026-03-20 14:15:00+05:30,5252.0,1291.7,1201.4,830.6,381.45,1257.1,1084.4,6101.0,1298.9,1330.8,779.75,623.0,1244.8,553.7,1255.0,366.8,776.55,4258.8,2327.0,2088.4,6577.5,4702.8,1898.3,1056.7,1777.1,2387.4,1384.7,4265.6,190.86,890.5
2026-03-20 15:15:00+05:30,5280.0,1292.0,1205.7,830.3,380.0,1260.0,1098.0,6101.0,1296.0,1339.9,781.0,624.6,1249.8,550.0,1256.0,367.0,775.5,4355.0,2319.0,2089.9,6594.5,4739.0,1890.0,1058.3,1770.6,2397.6,1386.3,4272.9,190.9,890.15
2026-03-23 09:15:00+05:30,5162.5,1274.0,1181.8,795.5,371.25,1237.8,1081.0,6009.0,1270.1,1346.0,753.4,601.5,1225.2,536.25,1248.5,359.1,752.3,4131.7,2285.9,2061.9,6498.5,4737.5,1831.0,1019.7,1765.3,2401.3,1387.0,4211.4,189.75,877.35
2026-03-23 10:15:00+05:30,5155.5,1279.7,1175.2,796.5,370.5,1240.7,1089.1,6006.0,1279.8,1349.8,753.7,600.9,1225.6,536.4,1249.7,359.25,749.25,4115.0,2293.8,2080.5,6491.0,4722.7,1826.9,1018.9,1765.9,2391.0,1393.3,4184.8,189.5,878.5
2026-03-23 11:15:00+05:30,5170.0,1275.3,1179.2,796.5,369.6,1242.3,1099.8,6021.0,1281.2,1354.8,751.05,597.55,1224.6,536.75,1252.1,358.9,753.8,4149.0,2294.9,2081.9,6508.5,4794.4,1828.5,1025.7,1768.1,2386.5,1408.9,4210.4,189.41,877.4
2026-03-23 12:15:00+05:30,5155.0,1274.5,1173.6,800.9,368.9,1236.2,1095.4,6001.5,1274.0,1351.4,746.55,594.35,1224.2,530.95,1246.0,359.45,745.25,4096.0,2293.8,2047.5,6414.5,4735.7,1820.9,1028.1,1765.9,2389.6,1394.1,4205.6,187.54,871.8
2026-03-23 13:15:00+05:30,5150.0,1276.5,1180.4,815.2,371.1,1233.3,1101.8,6023.5,1267.5,1361.6,752.9,598.5,1227.3,534.5,1256.4,360.45,750.0,4100.0,2318.0,2060.6,6486.5,4749.5,1831.7,1042.2,1771.1,2392.5,1400.2,4206.5,188.31,870.45
2026-03-23 14:15:00+05:30,5148.0,1279.8,1169.6,813.5,367.45,1222.4,1102.5,6015.0,1256.4,1360.4,743.65,592.25,1220.9,531.8,1258.8,356.3,739.2,4106.1,2294.9,2069.0,6443.5,4741.4,1831.3,1031.8,1759.8,2383.1,1385.0,4216.2,187.64,860.65
2026-03-23 15:15:00+05:30,5160.0,1284.0,1169.2,811.6,367.0,1220.6,1098.0,6015.0,1248.8,1357.1,742.3,590.1,1225.0,530.05,1253.0,357.5,740.0,4101.0,2289.8,2066.9,6440.0,4715.0,1830.0,1030.1,1747.1,2380.0,1389.0,4200.0,187.6,860.0
2026-03-24 09:15:00+05:30,5188.5,1265.2,1175.6,822.5,369.7,1222.7,1090.9,5999.0,1259.4,1372.5,752.45,593.7,1239.3,529.5,1265.1,364.6,747.8,4118.0,2292.2,2060.2,6509.0,4732.2,1831.7,1035.6,1760.9,2384.8,1411.0,4191.3,188.65,869.1
2026-03-24 10:15:00+05:30,5172.5,1258.9,1173.8,824.25,368.65,1223.3,1087.2,5973.0,1256.1,1377.5,757.3,592.5,1228.1,526.4,1275.6,364.4,744.0,4123.2,2291.0,2076.2,6486.0,4739.7,1815.5,1032.5,1761.8,2397.1,1408.4,4184.5,188.48,869.25
2026-03-24 11:15:00+05:30,5200.0,1268.1,1177.1,827.4,370.0,1228.2,1109.1,5982.5,1256.3,1388.6,756.7,594.05,1224.9,530.9,1290.7,364.65,750.45,4190.0,2312.7,2125.8,6591.0,4855.3,1821.5,1033.5,1767.6,2424.3,1422.7,4203.1,189.67,876.05
2026-03-24 12:15:00+05:30,5244.5,1281.8,1196.3,841.0,369.45,1229.2,1122.4,6038.5,1255.4,1385.1,771.85,605.2,1241.0,541.0,1289.9,369.15,760.9,4223.3,2335.1,2117.0,6626.0,4858.7,1844.6,1040.5,1764.8,2414.0,1423.7,4256.8,189.75,882.6
2026-03-24 13:15:00+05:30,5289.0,1278.6,1200.0,846.8,367.5,1228.6,1121.8,6041.5,1255.0,1382.0,767.8,605.0,1249.6,540.3,1290.7,368.75,758.3,4230.5,2335.9,2125.3,6634.0,4899.3,1847.3,1038.5,1763.3,2416.4,1428.9,4251.4,189.65,886.8
2026-03-24 14:15:00+05:30,5297.5,1282.2,1190.3,849.9,369.2,1219.5,1109.5,6033.5,1259.7,1372.5,764.3,603.25,1250.3,537.05,1276.5,366.15,757.9,4209.4,2333.0,2115.3,6607.5,4910.3,1835.4,1030.7,1754.1,2397.5,1430.7,4255.1,188.56,886.4
2026-03-24 15:15:00+05:30,5301.0,1279.8,1194.8,853.0,369.9,1220.0,1111.9,6020.0,1256.6,1375.0,766.5,603.5,1252.6,538.6,1280.0,368.5,758.1,4222.0,2331.3,2117.0,6575.0,4919.3,1836.0,1038.0,1752.8,2400.8,1433.0,4247.6,188.94,886.0
2026-03-25 09:15:00+05:30,5377.0,1310.8,1213.7,875.35,379.55,1235.8,1127.5,6111.5,1291.9,1378.7,784.3,612.3,1265.4,548.3,1281.4,376.3,776.55,4249.0,2342.4,2134.4,6678.0,4953.9,1864.1,1053.2,1776.6,2413.0,1419.5,4299.3,190.11,901.65
2026-03-25 10:15:00+05:30,5419.5,1320.4,1227.0,883.0,381.05,1240.9,1145.6,6073.5,1292.5,1396.1,791.35,614.8,1268.2,547.8,1289.7,376.95,780.5,4272.7,2345.3,2153.0,6694.5,4916.2,1864.8,1056.9,1782.4,2420.0,1427.0,4307.0,190.43,905.1
2026-03-25 11:15:00+05:30,5450.5,1325.5,1234.3,880.65,381.8,1240.0,1145.0,6085.5,1297.3,1401.6,792.65,613.5,1269.9,549.9,1287.6,370.45,783.0,4272.5,2350.0,2134.8,6632.0,4909.5,1862.0,1065.0,1790.6,2413.0,1423.6,4316.3,190.4,908.3
2026-03-25 12:15:00+05:30,5438.5,1318.2,1234.0,880.15,380.35,1249.0,1154.1,6084.5,1299.4,1403.2,791.65,611.55,1264.2,543.45,1285.4,364.35,780.25,4303.6,2350.2,2131.5,6651.0,4923.0,1858.7,1060.2,1796.0,2411.8,1424.6,4310.8,189.9,908.7
2026-03-25 13:15:00+05:30,5455.0,1320.4,1230.2,886.15,379.45,1252.4,1159.8,6060.5,1307.5,1395.9,788.6,613.15,1259.7,541.5,1284.5,370.15,782.4,4308.2,2354.7,2131.3,6662.0,4939.7,1857.5,1060.8,1807.9,2396.6,1423.8,4327.9,189.51,911.1
2026-03-25 14:15:00+05:30,5434.0,1309.0,1220.3,882.35,380.3,1243.7,1164.2,6020.5,1301.0,1380.9,781.65,612.95,1259.8,540.75,1280.0,371.2,781.1,4300.1,2348.1,2131.6,6593.5,4926.5,1852.8,1060.0,1794.0,2378.7,1409.6,4294.7,189.02,903.9
2026-03-25 15:15:00+05:30,5434.5,1310.0,1221.0,883.0,379.2,1248.4,1162.0,6015.0,1307.9,1385.6,780.1,613.0,1258.4,540.0,1278.6,370.4,779.6,4275.0,2343.0,2140.0,6605.0,4926.0,1846.4,1062.6,1800.0,2377.9,1403.5,4300.0,189.18,902.6
2026-03-27 09:15:00+05:30,5392.5,1316.0,1206.8,854.15,374.3,1236.2,1158.0,5994.0,1299.4,1389.7,763.55,603.25,1253.6,528.35,1281.0,363.25,768.45,4273.9,2346.1,2116.1,6942.5,4925.2,1838.5,1041.8,1809.6,2408.0,1407.2,4280.4,190.06,904.55
2026-03-27 10:15:00+05:30,5380.0,1323.3,1209.5,855.65,371.45,1245.8,1164.0,6035.5,1301.0,1384.2,761.55,605.35,1249.4,529.4,1278.7,363.9,767.8,4265.7,2354.0,2114.0,6950.5,4946.1,1844.6,1042.5,1813.1,2413.7,1406.8,4283.1,190.59,908.7
2026-03-27 11:15:00+05:30,5358.0,1312.0,1207.6,850.1,371.8,1242.5,1161.8,6018.0,1299.0,1382.2,760.0,601.1,1246.3,528.65,1278.0,364.7,764.4,4281.1,2344.8,2115.0,6910.5,4958.0,1841.9,1038.7,1802.0,2414.6,1403.5,4289.1,190.95,905.45
2026-03-27 12:15:00+05:30,5362.0,1312.7,1209.9,848.6,371.55,1239.8,1157.5,6016.5,1292.4,1379.0,759.4,607.5,1251.9,530.9,1280.1,365.0,769.85,4250.0,2346.4,2103.9,6913.5,4938.9,1839.4,1039.5,1794.7,2420.2,1398.4,4266.0,190.94,901.95
2026-03-27 13:15:00+05:30,5353.0,1317.2,1210.2,846.85,373.9,1235.3,1148.1,6027.5,1289.7,1370.1,762.25,609.7,1242.4,531.7,1269.6,364.65,769.65,4212.1,2343.2,2105.2,6926.5,4921.2,1846.9,1036.8,1798.5,2398.3,1391.0,4273.5,190.46,902.75
2026-03-27 14:15:00+05:30,5337.0,1314.8,1205.0,842.35,369.85,1242.2,1146.5,5988.5,1279.1,1365.7,756.4,610.4,1234.4,530.0,1270.0,366.7,765.15,4206.7,2334.4,2120.6,6944.5,4904.2,1839.2,1020.7,1789.8,2387.9,1389.4,4255.6,191.87,896.3
2026-03-27 15:15:00+05:30,5271.5,1314.7,1203.8,846.5,371.2,1242.0,1142.0,6045.0,1281.1,1360.1,757.95,610.9,1237.9,530.15,1267.5,367.15,762.2,4187.5,2331.9,2112.0,6949.0,4889.1,1829.2,1019.2,1794.0,2387.5,1386.7,4266.1,191.35,896.2
2026-03-30 09:15:00+05:30,5279.0,1305.1,1173.8,827.0,362.85,1226.9,1120.6,5930.0,1260.4,1346.6,744.15,603.0,1219.0,517.0,1260.3,354.2,745.0,4130.6,2307.0,2060.5,6759.5,4887.9,1799.4,1004.5,1780.1,2379.8,1379.3,4225.0,190.65,884.35
2026-03-30 10:15:00+05:30,5301.0,1312.1,1155.7,818.4,359.65,1226.7,1122.3,5919.0,1259.5,1345.7,745.9,598.75,1216.2,511.25,1257.5,352.85,737.35,4089.7,2304.3,2058.4,6780.0,4868.2,1788.1,991.5,1779.0,2365.9,1374.7,4201.3,190.36,882.0
2026-03-30 11:15:00+05:30,5314.0,1317.5,1166.2,815.2,361.5,1231.4,1128.1,5931.5,1270.6,1356.1,744.15,598.0,1218.1,515.0,1262.4,358.0,732.35,4106.9,2319.2,2075.0,6781.0,4872.3,1795.5,992.5,1780.9,2393.7,1384.9,4216.9,191.16,889.65
2026-03-30 12:15:00+05:30,5331.0,1313.6,1161.2,811.2,362.4,1228.9,1126.2,5933.5,1261.2,1353.5,742.55,593.1,1215.9,511.35,1257.9,356.6,728.15,4090.5,2323.0,2075.0,6794.5,4857.3,1786.3,988.5,1777.1,2383.6,1381.1,4235.5,189.16,884.45
2026-03-30 13:15:00+05:30,5311.0,1312.6,1165.1,809.75,361.95,1230.4,1122.3,5953.0,1261.9,1338.7,734.6,593.3,1217.3,509.4,1245.6,355.95,725.75,4055.1,2318.6,2053.2,6738.5,4875.5,1781.0,987.4,1774.7,2352.3,1372.4,4243.4,187.81,880.9
2026-03-30 14:15:00+05:30,5292.5,1305.0,1161.5,800.8,360.2,1224.0,1116.0,5951.0,1255.6,1342.2,731.55,590.85,1206.6,508.75,1252.9,353.55,725.75,4014.3,2318.4,2055.9,6723.5,4884.0,1776.1,980.0,1753.4,2359.6,1378.7,4220.4,187.87,871.3
2026-03-30 15:15:00+05:30,5300.0,1301.1,1168.4,802.0,360.0,1222.0,1114.7,5960.0,1252.0,1345.1,735.0,592.95,1211.8,511.05,1247.8,353.0,726.3,4029.9,2312.0,2067.0,6698.5,4850.0,1780.0,980.8,1762.0,2365.0,1414.7,4221.1,187.0,878.9
2026-04-01 09:15:00+05:30,5353.5,1347.7,1197.0,832.6,367.45,1230.9,1182.2,6042.0,1266.0,1380.6,745.85,588.75,1222.3,514.55,1298.0,360.4,748.3,4228.2,2321.5,2136.6,6984.0,5039.0,1789.4,1003.95,1777.8,2461.5,1416.1,4262.8,193.86,886.85
2026-04-01 10:15:00+05:30,5268.5,1329.6,1187.4,833.65,362.85,1209.9,1170.5,5968.5,1247.6,1379.0,741.2,582.45,1216.5,514.05,1296.0,358.0,749.8,4197.4,2289.0,2153.2,6953.0,5073.5,1773.9,999.95,1758.3,2446.5,1410.2,4191.8,193.02,873.95
2026-04-01 11:15:00+05:30,5297.5,1352.0,1199.7,835.2,369.95,1214.4,1171.8,6019.5,1243.0,1375.6,746.65,581.45,1219.5,517.05,1297.7,359.0,756.3,4191.1,2298.0,2158.4,7009.5,5115.9,1776.3,1017.45,1761.4,2449.4,1420.3,4207.0,193.41,875.3
2026-04-01 12:15:00+05:30,5266.0,1347.1,1207.4,836.45,369.65,1204.0,1169.0,5933.5,1229.6,1363.0,749.0,579.5,1224.4,519.8,1285.5,360.05,757.0,4138.8,2283.7,2160.4,6974.5,5096.0,1779.1,1029.2,1740.1,2434.9,1407.7,4159.5,192.19,875.0
2026-04-01 13:15:00+05:30,5228.0,1342.3,1200.8,827.75,366.4,1197.7,1158.7,5893.0,1221.0,1356.2,749.75,574.05,1217.3,516.5,1277.0,356.9,749.0,4117.9,2273.1,2134.0,6901.5,5034.5,1780.7,1023.8,1721.5,2415.7,1406.3,4120.2,191.54,863.2
2026-04-01 14:15:00+05:30,5234.5,1342.7,1192.2,817.35,364.5,1195.1,1154.0,5910.0,1208.7,1353.8,740.75,572.55,1212.5,513.05,1276.8,356.15,746.55,4106.0,2276.5,2139.8,6878.5,5053.4,1792.1,1017.5,1729.1,2409.8,1404.4,4111.8,191.27,863.35
2026-04-01 15:15:00+05:30,5250.5,1341.0,1200.0,819.0,364.6,1199.7,1155.0,5905.0,1207.5,1356.0,744.0,572.15,1213.0,512.0,1279.0,355.4,747.6,4105.0,2274.5,2130.1,6868.5,5055.0,1793.0,1018.0,1730.9,2411.2,1405.7,4101.6,191.1,866.0
2026-04-02 09:15:00+05:30,5094.0,1273.7,1168.2,799.6,343.65,1172.9,1156.4,5681.5,1185.0,1350.1,731.65,559.9,1200.8,499.35,1263.2,348.75,723.6,4063.1,2188.6,2098.3,6723.5,5021.6,1738.9,983.75,1659.2,2404.8,1387.2,3899.7,188.88,839.15
2026-04-02 10:15:00+05:30,5107.0,1307.0,1163.0,804.8,348.05,1180.5,1174.9,5762.5,1202.8,1362.2,731.65,557.8,1192.1,498.2,1267.9,348.15,725.15,4121.8,2226.7,2122.0,6834.0,5062.0,1735.8,980.1,1680.0,2405.8,1393.6,3958.0,190.13,849.15
2026-04-02 11:15:00+05:30,5177.0,1319.8,1155.0,811.05,351.25,1186.4,1182.8,5810.0,1214.5,1362.8,735.1,557.7,1194.2,494.7,1266.4,349.2,728.3,4184.8,2254.4,2145.2,6832.0,5120.9,1736.9,981.7,1689.8,2407.1,1400.6,3981.6,191.22,855.5
2026-04-02 12:15:00+05:30,5185.0,1321.7,1168.0,812.0,351.4,1189.9,1193.9,5818.0,1214.4,1378.2,737.75,559.0,1196.5,497.7,1273.6,350.9,729.6,4240.5,2255.5,2187.0,6885.5,5176.4,1750.3,990.9,1680.9,2419.5,1418.3,3971.5,192.74,857.7
2026-04-02 13:15:00+05:30,5250.0,1337.3,1190.1,821.5,352.45,1192.2,1224.3,5847.5,1215.0,1399.4,745.6,565.0,1205.1,500.05,1294.5,356.3,734.5,4300.3,2271.7,2228.8,6950.0,5228.0,1772.9,1010.85,1692.3,2453.6,1440.7,3988.0,193.99,861.1
2026-04-02 14:15:00+05:30,5266.5,1333.8,1199.7,829.05,352.5,1192.8,1215.4,5863.0,1218.8,1402.7,752.95,568.2,1218.9,504.75,1304.7,358.75,736.2,4314.2,2276.9,2217.0,7003.0,5233.8,1776.3,1021.55,1698.3,2456.4,1441.1,3980.5,195.15,865.0
2026-04-02 15:15:00+05:30,5271.0,1336.0,1198.1,828.9,352.0,1195.0,1207.4,5848.5,1214.0,1395.0,751.0,565.0,1216.5,505.9,1297.5,357.8,735.9,4285.0,2265.0,2201.5,6975.0,5225.9,1768.9,1018.0,1692.0,2445.7,1439.0,3990.0,194.8,864.0
2026-04-06 09:15:00+05:30,5211.0,1333.1,1204.7,824.75,349.75,1175.1,1209.7,5775.5,1202.0,1409.9,748.25,563.4,1208.0,503.25,1312.8,352.5,734.6,4291.0,2250.6,2215.4,7010.0,5273.2,1776.0,1014.45,1663.6,2460.8,1459.5,3962.5,197.38,855.75
2026-04-06 10:15:00+05:30,5180.0,1327.6,1211.7,825.1,350.05,1172.0,1215.2,5770.5,1197.2,1407.7,751.8,563.8,1207.5,502.35,1308.1,351.65,737.2,4280.7,2241.3,2204.0,6954.5,5275.0,1786.7,1008.0,1666.7,2451.3,1451.4,3956.5,196.35,855.95
2026-04-06 11:15:00+05:30,5156.0,1327.8,1220.1,830.85,350.55,1181.4,1223.4,5780.0,1200.7,1409.4,756.6,568.1,1212.1,503.65,1310.0,353.8,738.8,4283.0,2236.5,2211.0,6984.0,5306.0,1792.9,1013.0,1670.5,2456.7,1449.2,3976.6,197.36,855.5
2026-04-06 12:15:00+05:30,5180.0,1330.6,1229.7,843.0,353.9,1194.4,1222.2,5831.5,1206.8,1406.0,767.7,574.45,1222.5,507.75,1313.1,359.35,742.8,4304.0,2252.1,2218.7,7031.0,5318.0,1815.2,1026.0,1689.2,2480.0,1456.0,3999.8,197.9,861.9
2026-04-06 13:15:00+05:30,5197.5,1339.2,1238.7,847.3,354.15,1197.5,1214.0,5813.5,1209.7,1405.5,769.7,579.8,1231.5,511.95,1307.6,359.65,745.2,4301.1,2262.1,2224.8,7036.5,5281.7,1829.6,1022.3,1684.0,2471.6,1455.8,3999.8,197.01,858.85
2026-04-06 14:15:00+05:30,5230.5,1339.2,1247.1,851.15,355.0,1200.6,1220.9,5818.5,1219.6,1404.1,772.45,580.0,1233.6,512.65,1306.8,360.65,744.7,4307.6,2276.7,2239.0,7019.0,5321.7,1838.5,1034.7,1694.1,2475.6,1449.1,4006.7,197.14,866.45
2026-04-06 15:15:00+05:30,5247.5,1340.2,1237.6,850.0,355.2,1203.9,1217.0,5830.0,1217.0,1400.0,770.9,581.65,1228.6,513.95,1307.0,360.95,746.8,4300.0,2280.0,2228.0,7005.0,5318.0,1840.4,1033.4,1699.0,2472.0,1450.1,4015.0,197.7,868.0
2026-04-07 09:15:00+05:30,5191.5,1351.5,1231.6,853.5,354.8,1202.8,1222.0,5818.5,1203.0,1431.5,767.25,576.95,1223.1,508.5,1321.0,360.6,737.35,4375.0,2287.0,2273.3,7148.0,5361.7,1818.1,1023.0,1710.8,2499.8,1463.8,3999.5,202.5,866.9
2026-04-07 10:15:00+05:30,5200.0,1351.2,1223.6,846.95,341.0,1202.7,1232.8,5866.0,1199.0,1434.5,762.85,575.8,1222.3,510.9,1324.5,358.95,737.7,4381.6,2298.7,2306.9,7180.0,5402.7,1819.8,1017.35,1712.0,2523.9,1473.3,4033.2,202.99,871.9
2026-04-07 11:15:00+05:30,5182.5,1329.6,1229.1,854.0,342.0,1204.2,1236.8,5854.0,1199.4,1441.1,765.95,577.7,1224.9,513.5,1331.2,360.25,740.95,4425.0,2307.2,2328.5,7166.0,5400.2,1827.3,1020.35,1721.9,2536.2,1480.3,4061.0,203.69,872.8
2026-04-07 12:15:00+05:30,5163.5,1319.8,1234.7,853.15,340.3,1202.0,1232.5,5857.5,1187.1,1442.5,764.45,576.75,1225.3,512.9,1331.5,359.6,739.8,4405.1,2292.1,2335.8,7173.5,5389.6,1824.5,1022.25,1713.4,2526.1,1479.4,4041.5,203.6,871.0
2026-04-07 13:15:00+05:30,5157.0,1324.6,1240.6,852.8,340.45,1200.6,1232.1,5844.5,1181.5,1442.2,771.0,580.65,1236.8,515.65,1330.8,360.55,740.85,4405.8,2294.3,2328.6,7163.0,5377.2,1832.3,1023.3,1710.0,2530.1,1474.2,4044.4,203.99,869.75
2026-04-07 14:15:00+05:30,5178.5,1330.5,1251.0,854.8,340.15,1202.0,1230.2,5851.5,1195.0,1440.4,770.4,581.9,1244.6,516.4,1341.0,362.5,743.35,4441.7,2296.2,2334.9,7190.0,5392.0,1840.8,1029.2,1717.0,2540.0,1474.9,4055.3,204.75,873.35
2026-04-07 15:15:00+05:30,5174.0,1330.0,1247.0,854.0,340.25,1203.0,1233.0,5865.0,1198.0,1440.5,772.4,580.0,1248.5,517.0,1340.0,363.1,740.5,4454.9,2295.0,2329.2,7196.0,5375.0,1838.1,1028.0,1721.0,2543.5,1473.5,4039.9,204.6,873.65
2026-04-08 09:15:00+05:30,5237.5,1324.5,1315.9,906.6,346.1,1206.6,1233.1,5909.5,1187.9,1437.9,808.65,600.7,1302.4,538.35,1335.8,373.15,791.25,4491.5,2268.1,2302.3,7192.0,5370.0,1891.9,1073.0,1693.8,2550.9,1458.3,4011.7,203.57,885.35
2026-04-08 10:15:00+05:30,5251.0,1327.3,1326.4,921.7,346.1,1211.6,1245.6,5938.0,1190.4,1445.9,810.1,607.8,1310.7,539.75,1337.7,377.9,800.8,4496.2,2260.1,2325.1,7185.0,5364.1,1914.9,1068.8,1694.7,2560.2,1452.2,4006.3,203.71,885.25
2026-04-08 11:15:00+05:30,5254.5,1337.6,1329.7,918.1,352.65,1220.0,1252.3,5897.5,1192.5,1453.8,806.65,604.7,1307.4,538.65,1341.7,375.6,799.5,4492.1,2285.3,2326.9,7202.0,5375.8,1916.2,1067.0,1705.6,2565.0,1452.9,4036.9,203.49,887.0
2026-04-08 12:15:00+05:30,5252.0,1339.1,1319.9,916.0,351.5,1215.1,1264.5,5942.0,1191.3,1453.7,810.7,606.0,1310.8,541.95,1346.2,377.35,793.95,4495.8,2284.5,2343.2,7189.0,5329.0,1919.4,1066.0,1711.4,2557.4,1451.7,4044.3,203.6,888.0
2026-04-08 13:15:00+05:30,5250.0,1341.2,1321.9,914.7,350.55,1213.4,1266.4,5904.5,1191.1,1450.1,811.4,600.7,1306.3,540.25,1342.9,378.75,790.5,4517.3,2287.8,2339.3,7187.0,5356.1,1909.0,1062.4,1714.4,2551.3,1448.5,4036.2,202.98,887.85
2026-04-08 14:15:00+05:30,5249.0,1336.0,1333.3,915.0,349.65,1216.6,1271.1,5883.5,1190.2,1462.3,815.5,598.95,1309.3,541.35,1348.0,380.1,793.6,4520.9,2296.2,2346.6,7186.5,5380.9,1908.6,1061.0,1713.9,2560.0,1450.8,4030.0,203.3,891.75
2026-04-08 15:15:00+05:30,5237.5,1335.2,1333.4,917.0,350.5,1216.6,1270.8,5888.5,1193.0,1453.9,817.5,597.5,1309.1,542.0,1346.9,379.5,794.85,4535.0,2295.0,2350.0,7190.0,5375.0,1912.3,1065.0,1713.0,2561.1,1453.5,4030.0,203.59,892.95
2026-04-09 09:15:00+05:30,5237.5,1328.7,1332.7,907.6,347.1,1226.5,1242.1,5893.5,1204.5,1439.4,802.95,591.8,1293.8,546.9,1318.3,377.3,792.2,4432.3,2283.1,2335.5,7115.0,5339.0,1917.6,1057.0,1725.0,2563.2,1437.5,4064.5,202.5,897.0
2026-04-09 10:15:00+05:30,5255.0,1327.1,1330.8,908.0,346.6,1225.4,1247.4,5921.5,1207.2,1439.9,803.2,593.0,1295.1,550.0,1324.0,376.25,793.7,4482.7,2283.3,2358.0,7138.0,5353.7,1915.7,1052.5,1716.0,2566.0,1444.9,4090.2,203.5,903.4
2026-04-09 11:15:00+05:30,5336.5,1343.6,1328.8,912.0,347.0,1226.5,1261.2,5939.0,1211.3,1452.5,802.8,591.8,1290.3,547.2,1325.0,375.45,793.75,4535.3,2308.7,2379.3,7201.0,5395.0,1915.0,1049.5,1726.0,2588.0,1451.2,4100.5,203.85,907.2
2026-04-09 12:15:00+05:30,5382.5,1341.0,1322.1,906.1,346.75,1227.8,1269.1,5945.5,1212.8,1459.2,799.85,588.4,1286.6,544.05,1330.5,372.5,793.55,4582.0,2302.5,2398.4,7237.0,5464.0,1900.0,1041.55,1718.8,2598.5,1459.5,4087.6,203.45,905.9
2026-04-09 13:15:00+05:30,5363.0,1338.8,1323.8,893.9,345.2,1225.3,1263.5,5936.0,1210.4,1454.6,797.35,586.3,1282.0,541.75,1328.2,370.95,791.5,4571.7,2287.4,2395.8,7205.0,5445.8,1891.3,1041.65,1712.7,2580.0,1456.5,4080.5,202.86,901.5
2026-04-09 14:15:00+05:30,5382.0,1340.7,1319.8,904.0,345.85,1223.8,1266.2,5956.5,1212.5,1465.8,798.95,591.85,1283.1,542.05,1334.6,372.35,792.05,4576.8,2295.4,2387.9,7222.5,5476.0,1907.1,1041.4,1716.5,2588.7,1461.5,4094.5,202.77,903.05
2026-04-09 15:15:00+05:30,5385.0,1339.0,1319.5,901.8,345.15,1225.0,1264.1,5955.5,1210.0,1465.8,798.0,593.15,1283.5,543.0,1331.5,371.85,794.05,4576.0,2298.3,2371.0,7205.0,5474.1,1911.0,1040.45,1715.0,2590.0,1461.1,4083.0,203.18,901.0
2026-04-10 09:15:00+05:30,5409.5,1348.4,1353.9,924.55,348.25,1233.6,1227.0,5996.0,1222.1,1434.2,810.0,592.2,1320.8,547.05,1289.0,376.65,805.25,4467.1,2312.9,2311.1,7147.5,5349.9,1942.3,1060.9,1657.0,2511.0,1436.6,4094.6,203.53,910.85
2026-04-10 10:15:00+05:30,5418.0,1343.5,1355.6,923.8,348.35,1232.3,1220.6,6046.0,1227.5,1429.3,811.8,600.4,1320.8,548.15,1287.7,378.2,813.7,4448.0,2319.0,2311.9,7136.0,5324.4,1946.0,1057.45,1640.0,2507.6,1431.0,4122.5,201.09,908.0
2026-04-10 11:15:00+05:30,5424.5,1349.6,1350.5,921.0,349.0,1235.1,1218.0,6091.0,1235.4,1428.3,809.8,601.6,1318.4,549.25,1287.2,377.9,805.4,4447.7,2310.0,2309.9,7174.5,5334.6,1942.9,1055.35,1631.5,2511.0,1430.9,4133.1,201.95,910.5
2026-04-10 12:15:00+05:30,5418.0,1350.0,1349.1,918.1,349.8,1234.6,1225.3,6109.0,1227.6,1439.6,809.75,601.25,1318.2,545.7,1292.3,376.45,802.9,4499.0,2330.6,2338.4,7213.5,5404.2,1933.0,1059.0,1650.7,2512.6,1437.2,4140.7,203.66,915.55
2026-04-10 13:15:00+05:30,5425.5,1349.8,1349.6,917.55,349.45,1234.3,1221.9,6120.0,1230.8,1442.9,810.85,600.5,1319.1,543.9,1291.4,373.65,801.5,4486.0,2327.1,2328.8,7232.5,5415.3,1932.4,1066.7,1651.2,2517.9,1434.2,4148.0,203.47,915.9
2026-04-10 14:15:00+05:30,5440.0,1349.5,1351.3,925.4,348.7,1230.1,1225.6,6116.0,1234.9,1451.0,810.3,604.8,1323.2,545.9,1292.4,374.6,798.45,4503.0,2332.8,2328.3,7262.0,5428.7,1925.8,1067.0,1655.0,2526.0,1440.6,4156.7,205.02,915.05
2026-04-10 15:15:00+05:30,5431.0,1352.0,1351.1,922.0,348.4,1230.8,1223.0,6120.0,1229.7,1451.0,810.1,604.5,1322.8,546.15,1291.4,375.0,799.65,4495.0,2333.8,2329.0,7242.0,5428.0,1920.1,1066.0,1655.0,2523.0,1438.9,4146.0,204.6,915.9
2026-04-13 09:15:00+05:30,5396.0,1349.6,1330.0,902.6,340.75,1211.8,1217.6,6031.5,1212.4,1427.9,791.2,617.5,1309.8,546.1,1272.8,366.1,790.2,4456.0,2326.1,2308.8,7163.5,5331.5,1909.7,1035.9,1643.0,2480.7,1423.7,4180.0,201.59,910.65
2026-04-13 10:15:00+05:30,5381.5,1344.1,1341.0,903.5,343.05,1216.0,1228.0,6060.0,1226.5,1423.4,790.0,616.9,1317.3,546.45,1275.4,367.0,792.75,4484.9,2331.4,2329.0,7180.5,5357.6,1918.6,1041.4,1654.5,2486.3,1433.7,4202.7,202.39,926.55
2026-04-13 11:15:00+05:30,5382.0,1344.5,1348.0,903.4,341.7,1212.5,1231.1,6064.0,1223.3,1422.9,791.65,621.5,1330.0,547.6,1273.4,367.85,794.15,4455.0,2320.0,2323.4,7175.0,5356.9,1925.0,1049.6,1659.7,2481.7,1434.4,4191.2,202.14,923.95
2026-04-13 12:15:00+05:30,5373.0,1347.5,1354.5,900.5,341.5,1211.8,1228.8,6079.5,1230.6,1425.0,792.05,622.75,1333.2,544.3,1272.0,370.45,800.35,4451.2,2320.6,2326.2,7179.5,5403.0,1929.9,1056.9,1658.1,2477.2,1434.3,4200.0,202.65,923.5
2026-04-13 13:15:00+05:30,5385.0,1349.0,1361.5,901.25,344.35,1210.8,1232.1,6096.5,1230.0,1426.1,794.7,619.2,1350.3,543.85,1271.5,369.65,800.0,4461.4,2329.8,2317.7,7185.0,5384.0,1918.9,1064.75,1658.8,2476.5,1434.4,4200.0,202.14,924.25
2026-04-13 14:15:00+05:30,5368.0,1340.3,1354.6,899.5,344.55,1211.3,1232.4,6069.5,1235.2,1430.1,794.3,619.7,1351.3,546.95,1277.7,372.1,801.5,4461.8,2313.5,2315.3,7165.0,5379.9,1914.9,1065.2,1652.1,2473.3,1434.1,4180.5,202.87,923.3
2026-04-13 15:15:00+05:30,5349.0,1340.0,1352.8,897.05,346.25,1211.8,1230.0,6078.0,1234.3,1428.5,793.0,620.55,1347.0,548.5,1276.0,372.85,809.0,4470.0,2310.9,2312.0,7160.0,5380.0,1916.0,1062.0,1653.6,2470.7,1438.0,4158.0,202.96,920.95
2026-04-15 09:15:00+05:30,5463.0,1358.0,1369.9,918.6,349.9,1225.7,1257.0,6128.5,1214.7,1455.0,813.05,636.45,1349.1,565.1,1311.4,380.4,831.75,4578.0,2334.5,2373.0,7511.0,5516.5,1960.0,1078.65,1670.0,2549.3,1462.1,4204.0,207.92,930.85
2026-04-15 10:15:00+05:30,5474.0,1370.0,1360.4,916.85,350.1,1224.4,1258.2,6111.5,1215.2,1448.7,808.8,639.45,1338.2,566.15,1304.2,377.7,833.3,4573.8,2345.0,2376.5,7490.0,5497.9,1961.4,1069.5,1673.3,2538.0,1462.4,4209.4,207.34,931.9
2026-04-15 11:15:00+05:30,5531.5,1369.9,1358.1,920.55,349.85,1223.1,1268.0,6136.0,1216.5,1451.5,809.75,638.3,1346.3,562.5,1303.3,380.95,833.7,4597.3,2344.4,2393.7,7521.0,5533.2,1965.5,1071.6,1682.9,2544.9,1467.0,4197.3,208.09,936.1
2026-04-15 12:15:00+05:30,5562.0,1367.1,1355.5,915.95,350.3,1224.5,1269.3,6168.0,1218.4,1441.2,810.4,638.85,1347.1,561.05,1302.6,379.0,835.4,4608.8,2347.4,2397.1,7533.0,5538.8,1964.9,1071.3,1684.0,2545.6,1468.1,4198.2,209.1,935.35
2026-04-15 13:15:00+05:30,5576.5,1367.8,1352.1,913.8,349.55,1225.8,1285.5,6155.0,1217.0,1444.7,811.2,639.0,1347.3,559.4,1303.9,380.6,840.05,4619.4,2339.6,2406.6,7542.5,5532.2,1967.8,1072.8,1689.1,2547.0,1477.1,4172.4,210.05,933.8
2026-04-15 14:15:00+05:30,5577.5,1374.1,1358.1,913.95,350.05,1227.0,1282.1,6179.5,1216.0,1449.5,808.45,640.1,1348.0,559.75,1305.2,382.25,843.8,4657.0,2339.8,2403.4,7531.5,5490.1,1972.8,1071.8,1697.4,2554.4,1484.2,4159.8,209.69,935.45
2026-04-15 15:15:00+05:30,5589.0,1375.0,1351.5,912.7,350.05,1227.0,1282.4,6179.0,1220.7,1450.3,810.0,640.0,1347.0,563.5,1305.0,382.35,841.7,4630.0,2335.8,2406.0,7550.0,5489.9,1972.0,1070.9,1694.0,2552.8,1482.0,4152.0,210.0,936.0
